Date,Period,AMZN,NFLX,,,,,,,,,,,Exponential Smoothening,Alpha 1,Ft1A,Ft1N,MAPE A 1,Avg MAPE A 1,MAPE N 1, Avg MAPE N 1,Alpha 2,Ft2A,Ft2N,MAPE A 2,Avg MAPE A 2,MAPE N 2, Avg MAPE N 2,Alpha 3,Ft3A,Ft3N,MAPE A 3,Avg MAPE A 3,MAPE N 3, Avg MAPE N 3,Alpha 4,Ft4A,Ft4N,MAPE A 4,Avg MAPE A 4,MAPE N 4, Avg MAPE N 4,,Adjusted Exponential Smoothening,,Beta 1,T1A,AftA,MAPE A,Avg MAPE A,T1N,AftN,MAPE N,Avg MAPE N,Beta 2,T2A,AftA,MAPE A,Avg MAPE A,T2N,AftN,MAPE N,Avg MAPE N,Beta 3,T3A,AftA,MAPE A,Avg MAPE A,T3N,AftN,MAPE N,Avg MAPE N,Beta 4,T4A,AftA,MAPE A,Avg MAPE A,T4N,AftN,MAPE N,Avg MAPE N
1/2/2020,1,94.90049744,329.8099976,,,,,,,,,,,,0.3,94.900,329.810,,2.356%,,0.026,0.45,94.900,329.810,,2.054%,,2.228%,0.6,94.90049744,329.810,,1.900%,,2.079%,0.75,94.90049744,329.810,,1.815%,,2.031%,,,,0.3,0.000,94.900,,1.822%,0.000,329.810,,2.074%,0.45,0.000,94.900,,1.808%,0.000,329.810,,2.076%,0.6,0.000,94.900,,1.804%,0.000,329.810,,2.107%,0.75,0.000,94.900,,1.809%,0.000,329.810,,2.15%
1/3/2020,2,93.74849701,325.8999939,,,,,,,,,,,,,94.900,329.810,0.012,,0.012,,,94.900,329.810,0.012,,0.012,,,94.900,329.810,0.012,,0.012,,,94.900,329.810,0.012,,0.012,,,,,,0.000,94.900,0.012,,0.000,329.810,0.012,,,0.000,94.900,0.012,,0.000,329.810,0.012,,,0.000,94.900,0.012,,0.000,329.810,0.012,,,0.000,94.900,0.012,,0.000,329.810,0.012,
1/6/2020,3,95.14399719,335.8299866,,,,,,,,,,,,,94.555,328.637,0.006,,0.021,,,94.382,328.050,0.008,,0.023,,,94.209,327.464,0.010,,0.025,,,94.036,326.877,0.012,,0.027,,,,,,-0.207,94.002,0.012,,-0.704,326.760,0.027,,,-0.311,93.898,0.013,,-1.056,326.408,0.028,,,-0.415,93.795,0.014,,-1.408,326.056,0.029,,,-0.518,93.691,0.015,,-1.760,325.704,0.030,
1/7/2020,4,95.34300232,330.75,,,,,,,,,,,,,94.732,330.795,0.006,,0.000,,,94.725,331.551,0.006,,0.002,,,94.770,332.484,0.006,,0.005,,,94.867,333.592,0.005,,0.009,,,,,,0.023,94.793,0.006,,1.013,333.497,0.008,,,0.081,94.851,0.005,,1.678,334.162,0.010,,,0.171,94.941,0.004,,2.449,334.932,0.013,,,0.291,95.061,0.003,,3.325,335.808,0.015,
1/8/2020,5,94.59850311,339.2600098,,,,,,,,,,,,,94.915,330.781,0.003,,0.025,,,95.003,331.191,0.004,,0.024,,,95.114,331.443,0.005,,0.023,,,95.224,331.460,0.007,,0.023,,,,,,0.119,95.233,0.007,,0.397,331.841,0.022,,,0.199,95.313,0.008,,0.455,331.898,0.022,,,0.274,95.388,0.008,,0.355,331.799,0.022,,,0.331,95.444,0.009,,0.051,331.495,0.023,
1/9/2020,6,95.05249786,335.6600037,,,,,,,,,,,,,94.820,333.325,0.002,,0.007,,,94.821,334.822,0.002,,0.002,,,94.805,336.133,0.003,,0.001,,,94.755,337.310,0.003,,0.005,,,,,,-0.009,94.795,0.003,,1.685,337.818,0.006,,,-0.029,94.775,0.003,,2.361,338.494,0.008,,,-0.076,94.729,0.003,,2.956,339.090,0.010,,,-0.149,94.655,0.004,,3.530,339.664,0.012,
1/10/2020,7,94.15799713,329.0499878,,,,,,,,,,,,,94.890,334.026,0.008,,0.015,,,94.925,335.199,0.008,,0.019,,,94.953,335.849,0.008,,0.021,,,94.978,336.073,0.009,,0.021,,,,,,0.038,94.991,0.009,,1.094,336.944,0.024,,,0.051,95.004,0.009,,1.171,337.020,0.024,,,0.059,95.012,0.009,,1.012,336.861,0.024,,,0.074,95.028,0.009,,0.670,336.519,0.023,
1/13/2020,8,94.56500244,338.9200134,,,,,,,,,,,,,94.670,332.533,0.001,,0.019,,,94.580,332.432,0.000,,0.019,,,94.476,331.770,0.001,,0.021,,,94.363,330.806,0.002,,0.024,,,,,,-0.116,94.360,0.002,,-0.458,331.312,0.022,,,-0.187,94.289,0.003,,-1.192,330.578,0.025,,,-0.263,94.213,0.004,,-2.043,329.727,0.027,,,-0.339,94.137,0.005,,-2.892,328.877,0.030,
1/14/2020,9,93.47200012,338.6900024,,,,,,,,,,,,,94.639,334.449,0.012,,0.013,,,94.573,335.352,0.012,,0.010,,,94.529,336.060,0.011,,0.008,,,94.515,336.891,0.011,,0.005,,,,,,-0.066,94.464,0.011,,0.967,337.026,0.005,,,-0.079,94.451,0.010,,1.275,337.335,0.004,,,-0.073,94.456,0.011,,1.757,337.817,0.003,,,-0.045,94.485,0.011,,2.495,338.554,0.000,
1/15/2020,10,93.10099792,339.0700073,,,,,,,,,,,,,94.289,335.721,0.013,,0.010,,,94.078,336.854,0.010,,0.007,,,93.895,337.638,0.009,,0.004,,,93.733,338.240,0.007,,0.002,,,,,,-0.236,93.659,0.006,,1.150,338.788,0.001,,,-0.329,93.566,0.005,,1.411,339.049,0.000,,,-0.410,93.485,0.004,,1.650,339.288,0.001,,,-0.487,93.408,0.003,,1.807,339.445,0.001,
1/16/2020,11,93.89700317,338.6199951,,,,,,,,,,,,,93.932,336.726,0.000,,0.006,,,93.638,337.851,0.003,,0.002,,,93.419,338.497,0.005,,0.000,,,93.259,338.863,0.007,,0.001,,,,,,-0.308,93.110,0.008,,1.063,339.560,0.003,,,-0.395,93.023,0.009,,1.163,339.660,0.003,,,-0.450,92.969,0.010,,1.175,339.673,0.003,,,-0.479,92.940,0.010,,1.096,339.593,0.003,
1/17/2020,12,93.23600006,339.6700134,,,,,,,,,,,,,93.922,337.294,0.007,,0.007,,,93.755,338.197,0.006,,0.004,,,93.706,338.571,0.005,,0.003,,,93.737,338.681,0.005,,0.003,,,,,,-0.130,93.576,0.004,,0.766,339.337,0.001,,,-0.088,93.617,0.004,,0.673,339.244,0.001,,,-0.008,93.698,0.005,,0.514,339.085,0.002,,,0.096,93.801,0.006,,0.329,338.900,0.002,
1/21/2020,13,94.59999847,338.1099854,,,,,,,,,,,,,93.716,338.007,0.009,,0.000,,,93.521,338.860,0.011,,0.002,,,93.424,339.230,0.012,,0.003,,,93.361,339.423,0.013,,0.004,,,,,,-0.175,93.249,0.014,,0.734,339.964,0.005,,,-0.175,93.249,0.014,,0.667,339.897,0.005,,,-0.172,93.252,0.014,,0.601,339.832,0.005,,,-0.187,93.236,0.014,,0.577,339.807,0.005,
1/22/2020,14,94.3730011,326,,,,,,,,,,,,,93.981,338.038,0.004,,0.037,,,94.007,338.522,0.004,,0.038,,,94.130,338.558,0.003,,0.039,,,94.290,338.438,0.001,,0.038,,,,,,0.089,94.219,0.002,,0.312,338.870,0.039,,,0.221,94.351,0.000,,0.064,338.622,0.039,,,0.355,94.484,0.001,,-0.163,338.395,0.038,,,0.482,94.612,0.003,,-0.360,338.198,0.037,
1/23/2020,15,94.22899628,349.6000061,,,,,,,,,,,,,94.099,334.426,0.001,,0.043,,,94.172,332.887,0.001,,0.048,,,94.276,331.023,0.000,,0.053,,,94.352,329.110,0.001,,0.059,,,,,,0.106,94.382,0.002,,-2.042,328.981,0.059,,,0.187,94.463,0.002,,-3.355,327.668,0.063,,,0.229,94.505,0.003,,-4.586,326.437,0.066,,,0.230,94.506,0.003,,-5.741,325.282,0.070,
1/24/2020,16,93.08200073,353.1600037,,,,,,,,,,,,,94.138,338.979,0.011,,0.040,,,94.197,340.408,0.012,,0.036,,,94.248,342.169,0.013,,0.031,,,94.260,344.477,0.013,,0.025,,,,,,0.066,94.314,0.013,,1.914,344.084,0.026,,,0.090,94.338,0.013,,3.170,345.340,0.022,,,0.075,94.323,0.013,,4.853,347.023,0.017,,,0.037,94.284,0.013,,6.924,349.094,0.012,
1/27/2020,17,91.41699982,342.8800049,,,,,,,,,,,,,93.821,343.233,0.026,,0.001,,,93.695,346.146,0.025,,0.010,,,93.548,348.764,0.023,,0.017,,,93.376,350.989,0.021,,0.024,,,,,,-0.164,93.385,0.022,,3.318,352.082,0.027,,,-0.265,93.283,0.020,,4.711,353.475,0.031,,,-0.390,93.159,0.019,,5.898,354.662,0.034,,,-0.515,93.033,0.018,,6.677,355.441,0.037,
1/28/2020,18,92.66249847,348.519989,,,,,,,,,,,,,93.100,343.127,0.005,,0.015,,,92.670,344.677,0.000,,0.011,,,92.270,345.233,0.004,,0.009,,,91.907,344.907,0.008,,0.010,,,,,,-0.498,91.771,0.010,,1.264,346.497,0.006,,,-0.721,91.548,0.012,,1.003,346.236,0.007,,,-0.923,91.346,0.014,,0.241,345.475,0.009,,,-1.088,91.182,0.016,,-0.978,344.255,0.012,
1/29/2020,19,92.90000153,343.1600037,,,,,,,,,,,,,92.969,344.745,0.001,,0.005,,,92.667,346.406,0.003,,0.009,,,92.505,347.205,0.004,,0.012,,,92.474,347.617,0.005,,0.013,,,,,,-0.278,92.227,0.007,,1.476,348.682,0.016,,,-0.291,92.215,0.007,,1.439,348.644,0.016,,,-0.228,92.278,0.007,,1.280,348.485,0.016,,,-0.095,92.410,0.005,,1.234,348.440,0.015,
1/30/2020,20,93.53399658,347.7399902,,,,,,,,,,,,,92.948,344.269,0.006,,0.010,,,92.772,344.945,0.008,,0.008,,,92.742,344.778,0.008,,0.009,,,92.793,344.274,0.008,,0.010,,,,,,-0.124,92.619,0.010,,0.305,345.083,0.008,,,-0.053,92.689,0.009,,-0.301,344.477,0.009,,,0.051,92.793,0.008,,-0.945,343.834,0.011,,,0.154,92.896,0.007,,-1.512,343.266,0.013,
1/31/2020,21,100.435997,345.0899963,,,,,,,,,,,,,93.124,345.311,0.073,,0.001,,,93.115,346.203,0.073,,0.003,,,93.217,346.555,0.072,,0.004,,,93.349,346.874,0.071,,0.005,,,,,,0.056,93.273,0.071,,0.747,347.302,0.006,,,0.185,93.402,0.070,,0.634,347.189,0.006,,,0.305,93.523,0.069,,0.688,347.244,0.006,,,0.395,93.612,0.068,,0.955,347.510,0.007,
2/3/2020,22,100.2099991,358,,,,,,,,,,,,,95.317,345.244,0.049,,0.036,,,96.409,345.702,0.038,,0.034,,,97.548,345.676,0.027,,0.034,,,98.664,345.536,0.015,,0.035,,,,,,1.339,98.887,0.013,,0.259,345.935,0.034,,,2.051,99.599,0.006,,-0.047,345.629,0.035,,,2.721,100.269,0.001,,-0.252,345.424,0.035,,,3.347,100.896,0.007,,-0.421,345.255,0.036,
2/4/2020,23,102.4834976,369.0100098,,,,,,,,,,,,,96.785,349.071,0.056,,0.054,,,98.120,351.236,0.043,,0.048,,,99.145,353.070,0.033,,0.043,,,99.824,354.884,0.026,,0.038,,,,,,1.416,100.561,0.019,,2.400,355.470,0.037,,,1.846,100.992,0.015,,3.302,356.372,0.034,,,2.047,101.192,0.013,,4.336,357.406,0.031,,,2.034,101.180,0.013,,5.441,358.511,0.028,
2/5/2020,24,101.9934998,369.6700134,,,,,,,,,,,,,98.495,355.053,0.034,,0.040,,,100.083,359.234,0.019,,0.028,,,101.148,362.634,0.008,,0.019,,,101.819,365.479,0.002,,0.011,,,,,,1.592,102.740,0.007,,4.549,367.183,0.007,,,1.917,103.065,0.011,,6.120,368.754,0.002,,,2.020,103.169,0.012,,7.473,370.107,0.001,,,2.011,103.159,0.011,,8.533,371.167,0.004,
2/6/2020,25,102.5114975,366.9500122,,,,,,,,,,,,,99.544,359.438,0.029,,0.020,,,100.943,363.930,0.015,,0.008,,,101.655,366.856,0.008,,0.000,,,101.950,368.622,0.005,,0.005,,,,,,1.267,102.922,0.004,,4.451,371.306,0.012,,,1.282,102.938,0.004,,5.265,372.121,0.014,,,1.112,102.768,0.003,,5.522,372.378,0.015,,,0.883,102.538,0.000,,5.299,372.155,0.014,
2/7/2020,26,103.9639969,366.769989,,,,,,,,,,,,,100.434,361.692,0.034,,0.014,,,101.649,365.289,0.022,,0.004,,,102.169,366.912,0.017,,0.000,,,102.371,367.368,0.015,,0.002,,,,,,1.041,103.210,0.007,,3.132,370.045,0.009,,,0.936,103.106,0.008,,2.921,369.834,0.008,,,0.753,102.922,0.010,,2.243,369.155,0.007,,,0.606,102.775,0.011,,1.367,368.280,0.004,
2/10/2020,27,106.6955032,371.0700073,,,,,,,,,,,,,101.493,363.215,0.049,,0.021,,,102.691,365.956,0.038,,0.014,,,103.246,366.827,0.032,,0.011,,,103.566,366.920,0.029,,0.011,,,,,,1.052,104.298,0.022,,2.167,368.994,0.006,,,1.000,104.246,0.023,,1.568,368.395,0.007,,,0.947,104.193,0.023,,0.846,367.673,0.009,,,0.959,104.205,0.023,,0.278,367.105,0.011,
2/11/2020,28,107.5400009,373.6900024,,,,,,,,,,,,,103.054,365.572,0.042,,0.022,,,104.493,368.257,0.028,,0.015,,,105.316,369.373,0.021,,0.012,,,105.913,370.032,0.015,,0.010,,,,,,1.357,106.673,0.008,,2.281,371.653,0.005,,,1.481,106.797,0.007,,2.008,371.381,0.006,,,1.621,106.937,0.006,,1.866,371.239,0.007,,,1.792,107.108,0.004,,1.979,371.352,0.006,
2/12/2020,29,108,380.0100098,,,,,,,,,,,,,104.400,368.007,0.033,,0.032,,,105.864,370.702,0.020,,0.024,,,106.650,371.963,0.012,,0.021,,,107.133,372.776,0.008,,0.019,,,,,,1.350,108.001,0.000,,2.374,374.337,0.015,,,1.415,108.066,0.001,,2.270,374.233,0.015,,,1.449,108.099,0.001,,2.301,374.264,0.015,,,1.449,108.099,0.001,,2.437,374.401,0.015,
2/13/2020,30,107.4934998,381.3999939,,,,,,,,,,,,,105.480,371.608,0.019,,0.026,,,106.825,374.891,0.006,,0.017,,,107.460,376.791,0.000,,0.012,,,107.783,378.201,0.003,,0.008,,,,,,1.188,108.648,0.011,,3.110,379.901,0.004,,,1.143,108.603,0.010,,3.421,380.213,0.003,,,1.066,108.526,0.010,,3.817,380.608,0.002,,,0.970,108.430,0.009,,4.230,381.022,0.001,
2/14/2020,31,106.7434998,380.3999939,,,,,,,,,,,,,106.084,374.546,0.006,,0.015,,,107.126,377.820,0.004,,0.007,,,107.480,379.556,0.007,,0.002,,,107.566,380.600,0.008,,0.001,,,,,,0.838,108.318,0.015,,3.007,382.563,0.006,,,0.638,108.118,0.013,,3.126,382.683,0.006,,,0.438,107.918,0.011,,3.186,382.742,0.006,,,0.257,107.738,0.009,,3.132,382.688,0.006,
2/18/2020,32,107.7835007,387.7799988,,,,,,,,,,,,,106.282,376.302,0.014,,0.030,,,106.954,378.981,0.008,,0.023,,,107.038,380.063,0.007,,0.020,,,106.949,380.450,0.008,,0.019,,,,,,0.454,107.492,0.003,,2.256,382.319,0.014,,,0.152,107.190,0.006,,1.947,382.010,0.015,,,-0.090,106.948,0.008,,1.578,381.641,0.016,,,-0.267,106.771,0.009,,1.162,381.225,0.017,
2/19/2020,33,108.5110016,386.1900024,,,,,,,,,,,,,106.732,379.745,0.016,,0.017,,,107.327,382.940,0.011,,0.008,,,107.485,384.693,0.009,,0.004,,,107.575,385.948,0.009,,0.001,,,,,,0.452,107.937,0.005,,2.969,387.662,0.004,,,0.285,107.770,0.007,,3.155,387.848,0.004,,,0.232,107.718,0.007,,3.409,388.103,0.005,,,0.269,107.754,0.007,,3.763,388.456,0.006,
2/20/2020,34,107.6549988,386,,,,,,,,,,,,,107.266,381.679,0.004,,0.011,,,107.860,384.403,0.002,,0.004,,,108.101,385.591,0.004,,0.001,,,108.277,386.129,0.006,,0.000,,,,,,0.501,108.602,0.009,,2.347,387.939,0.005,,,0.434,108.534,0.008,,2.139,387.730,0.004,,,0.462,108.563,0.008,,1.903,387.494,0.004,,,0.529,108.629,0.009,,1.614,387.206,0.003,
2/21/2020,35,104.7985001,380.0700073,,,,,,,,,,,,,107.383,382.975,0.025,,0.008,,,107.768,385.122,0.028,,0.013,,,107.833,385.836,0.029,,0.015,,,107.810,386.032,0.029,,0.016,,,,,,0.270,108.104,0.032,,1.717,387.553,0.020,,,0.118,107.951,0.030,,1.287,387.123,0.019,,,0.024,107.858,0.029,,0.908,386.745,0.018,,,-0.068,107.765,0.028,,0.588,386.424,0.017,
2/24/2020,36,100.4645004,368.7000122,,,,,,,,,,,,,106.607,382.104,0.061,,0.036,,,106.432,382.848,0.059,,0.038,,,106.012,382.377,0.055,,0.037,,,105.551,381.561,0.051,,0.035,,,,,,-0.357,105.655,0.052,,0.164,382.540,0.038,,,-0.754,105.258,0.048,,-0.849,381.527,0.035,,,-1.083,104.930,0.044,,-1.713,380.664,0.032,,,-1.383,104.630,0.041,,-2.448,379.929,0.030,
2/25/2020,37,98.63700104,360.0899963,,,,,,,,,,,,,104.765,378.083,0.062,,0.050,,,103.746,376.482,0.052,,0.046,,,102.684,374.171,0.041,,0.039,,,101.736,371.915,0.031,,0.033,,,,,,-1.249,101.435,0.028,,-2.347,371.824,0.033,,,-1.913,100.771,0.022,,-4.160,370.011,0.028,,,-2.430,100.253,0.016,,-5.609,368.562,0.024,,,-2.842,99.841,0.012,,-6.766,367.404,0.020,
2/26/2020,38,98.97949982,379.2399902,,,,,,,,,,,,,102.926,372.685,0.040,,0.017,,,101.447,369.105,0.025,,0.027,,,100.256,365.722,0.013,,0.036,,,99.412,363.046,0.004,,0.043,,,,,,-1.602,98.653,0.003,,-4.177,361.545,0.047,,,-2.145,98.111,0.009,,-6.090,359.633,0.052,,,-2.429,97.827,0.012,,-7.312,358.410,0.055,,,-2.532,97.724,0.013,,-8.028,357.694,0.057,
2/27/2020,39,94.21499634,371.7099915,,,,,,,,,,,,,101.742,374.651,0.080,,0.008,,,100.337,373.666,0.065,,0.005,,,99.490,373.833,0.056,,0.006,,,99.088,375.192,0.052,,0.009,,,,,,-1.351,98.139,0.042,,-0.491,373.342,0.004,,,-1.524,97.966,0.040,,0.301,374.133,0.007,,,-1.431,98.059,0.041,,1.941,375.774,0.011,,,-1.207,98.283,0.043,,4.076,377.909,0.017,
2/28/2020,40,94.1875,369.0299988,,,,,,,,,,,,,99.484,373.769,0.056,,0.013,,,97.582,372.786,0.036,,0.010,,,96.325,372.559,0.023,,0.010,,,95.433,372.580,0.013,,0.010,,,,,,-1.895,94.430,0.003,,-0.726,371.833,0.008,,,-2.263,94.062,0.001,,-0.408,372.151,0.008,,,-2.471,93.854,0.004,,0.012,372.571,0.010,,,-2.676,93.649,0.006,,0.064,372.623,0.010,
3/2/2020,41,97.69750214,381.0499878,,,,,,,,,,,,,97.895,372.347,0.002,,0.023,,,96.054,371.096,0.017,,0.026,,,95.042,370.442,0.027,,0.028,,,94.499,369.918,0.033,,0.029,,,,,,-1.712,93.331,0.045,,-1.143,369.298,0.031,,,-1.822,93.221,0.046,,-1.177,369.264,0.031,,,-1.758,93.284,0.045,,-1.266,369.176,0.031,,,-1.631,93.412,0.044,,-1.572,368.869,0.032,
3/3/2020,42,95.44950104,368.769989,,,,,,,,,,,,,97.836,374.958,0.025,,0.017,,,96.794,375.575,0.014,,0.018,,,96.635,376.807,0.012,,0.022,,,96.898,378.267,0.015,,0.026,,,,,,-0.720,95.915,0.005,,1.109,377.916,0.025,,,-0.285,96.351,0.009,,2.217,379.023,0.028,,,0.253,96.888,0.015,,3.313,380.119,0.031,,,0.787,97.423,0.021,,4.381,381.187,0.034,
3/4/2020,43,98.79149628,383.7900085,,,,,,,,,,,,,97.120,373.102,0.017,,0.028,,,96.189,372.513,0.026,,0.029,,,95.924,371.985,0.029,,0.031,,,95.812,371.144,0.030,,0.033,,,,,,-0.718,95.206,0.036,,-0.670,371.314,0.033,,,-0.477,95.447,0.034,,-0.951,371.034,0.033,,,-0.326,95.598,0.032,,-1.568,370.417,0.035,,,-0.337,95.587,0.032,,-2.521,369.463,0.037,
3/5/2020,44,96.20149994,372.7799988,,,,,,,,,,,,,97.621,376.308,0.015,,0.009,,,97.360,377.588,0.012,,0.013,,,97.644,379.068,0.015,,0.017,,,98.047,380.629,0.019,,0.021,,,,,,0.014,97.658,0.015,,1.656,380.724,0.021,,,0.512,98.156,0.020,,2.665,381.732,0.024,,,0.902,98.546,0.024,,3.623,382.691,0.027,,,1.206,98.851,0.028,,4.682,383.750,0.029,
3/6/2020,45,95.05449677,368.9700012,,,,,,,,,,,,,97.195,375.250,0.023,,0.017,,,96.839,375.424,0.019,,0.017,,,96.779,375.295,0.018,,0.017,,,96.663,374.742,0.017,,0.016,,,,,,-0.250,96.529,0.016,,0.027,375.322,0.017,,,-0.108,96.671,0.017,,-0.232,375.063,0.017,,,-0.159,96.620,0.016,,-0.815,374.481,0.015,,,-0.348,96.431,0.014,,-1.659,373.636,0.013,
3/9/2020,46,90.03050232,346.4899902,,,,,,,,,,,,,96.553,373.366,0.072,,0.078,,,96.036,372.520,0.067,,0.075,,,95.744,371.500,0.063,,0.072,,,95.457,370.413,0.060,,0.069,,,,,,-0.485,95.259,0.058,,-1.119,370.381,0.069,,,-0.525,95.219,0.058,,-1.836,369.665,0.067,,,-0.684,95.060,0.056,,-2.603,368.897,0.065,,,-0.863,94.881,0.054,,-3.261,368.239,0.063,
3/10/2020,47,94.59100342,364.1300049,,,,,,,,,,,,,94.596,365.303,0.000,,0.003,,,93.333,360.806,0.013,,0.009,,,92.316,356.494,0.024,,0.021,,,91.387,352.471,0.034,,0.032,,,,,,-1.368,90.948,0.039,,-5.285,351.209,0.035,,,-1.831,90.485,0.043,,-7.762,348.732,0.042,,,-2.331,89.985,0.049,,-10.045,346.449,0.049,,,-2.787,89.529,0.054,,-12.070,344.424,0.054,
3/11/2020,48,91.04299927,349.9200134,,,,,,,,,,,,,94.595,364.951,0.039,,0.043,,,93.899,362.302,0.031,,0.035,,,93.681,361.076,0.029,,0.032,,,93.790,361.215,0.030,,0.032,,,,,,-0.548,93.133,0.023,,-2.325,358.750,0.025,,,-0.393,93.288,0.025,,-2.208,358.868,0.026,,,-0.113,93.568,0.028,,-1.269,359.807,0.028,,,0.327,94.008,0.033,,0.419,361.494,0.033,
3/12/2020,49,83.83049774,315.25,,,,,,,,,,,,,93.529,360.442,0.116,,0.143,,,92.614,356.730,0.105,,0.132,,,92.098,354.382,0.099,,0.124,,,91.730,352.744,0.094,,0.119,,,,,,-0.859,91.240,0.088,,-3.636,350.747,0.113,,,-0.928,91.170,0.088,,-4.226,350.156,0.111,,,-0.995,91.103,0.087,,-4.524,349.859,0.110,,,-1.105,90.993,0.085,,-4.915,349.467,0.109,
3/13/2020,50,89.25,336.2999878,,,,,,,,,,,,,90.620,346.884,0.015,,0.031,,,88.661,338.064,0.007,,0.005,,,87.138,330.903,0.024,,0.016,,,85.805,324.623,0.039,,0.035,,,,,,-2.089,85.048,0.047,,-9.589,321.314,0.045,,,-2.743,84.395,0.054,,-12.890,318.013,0.054,,,-3.374,83.763,0.061,,-15.897,315.006,0.063,,,-3.997,83.141,0.068,,-18.838,312.065,0.072,
3/16/2020,51,84.45749664,298.8399963,,,,,,,,,,,,,90.209,343.709,0.068,,0.150,,,88.926,337.270,0.053,,0.129,,,88.405,334.141,0.047,,0.118,,,88.389,333.381,0.047,,0.116,,,,,,-1.082,87.323,0.034,,-5.741,328.400,0.099,,,-0.938,87.467,0.036,,-5.632,328.509,0.099,,,-0.589,87.816,0.040,,-4.416,329.725,0.103,,,-0.049,88.356,0.046,,-2.281,331.860,0.110,
3/17/2020,52,90.39199829,319.75,,,,,,,,,,,,,88.483,330.248,0.021,,0.033,,,86.915,319.977,0.038,,0.001,,,86.037,312.960,0.048,,0.021,,,85.440,307.475,0.055,,0.038,,,,,,-1.468,84.568,0.064,,-10.373,302.588,0.054,,,-1.582,84.455,0.066,,-12.629,300.331,0.061,,,-1.657,84.380,0.067,,-14.475,298.486,0.067,,,-1.789,84.248,0.068,,-16.456,296.505,0.073,
3/18/2020,53,91.5,315.4700012,,,,,,,,,,,,,89.056,327.099,0.027,,0.037,,,88.480,319.875,0.033,,0.014,,,88.650,317.034,0.031,,0.005,,,89.154,316.681,0.026,,0.004,,,,,,-0.244,88.406,0.034,,-6.039,310.995,0.014,,,0.306,88.956,0.028,,-5.113,311.921,0.011,,,0.905,89.555,0.021,,-3.346,313.689,0.006,,,1.513,90.163,0.015,,-1.059,315.976,0.002,
3/19/2020,54,94.04650116,332.0299988,,,,,,,,,,,,,89.789,323.610,0.045,,0.025,,,89.839,317.893,0.045,,0.043,,,90.360,316.096,0.039,,0.048,,,90.914,315.773,0.033,,0.049,,,,,,0.342,90.702,0.036,,-4.509,311.587,0.062,,,0.938,91.298,0.029,,-3.234,312.861,0.058,,,1.388,91.748,0.024,,-1.901,314.194,0.054,,,1.661,92.021,0.022,,-0.969,315.127,0.051,
3/20/2020,55,92.30449677,332.8299866,,,,,,,,,,,,,91.066,326.136,0.013,,0.020,,,91.732,324.254,0.006,,0.026,,,92.572,325.656,0.003,,0.022,,,93.263,327.966,0.010,,0.015,,,,,,0.903,93.475,0.013,,-0.288,325.368,0.022,,,1.511,94.083,0.019,,2.523,328.180,0.014,,,1.882,94.454,0.023,,4.976,330.632,0.007,,,2.074,94.646,0.025,,6.928,332.585,0.001,
3/23/2020,56,95.14150238,360.269989,,,,,,,,,,,,,91.438,328.144,0.039,,0.089,,,91.990,328.113,0.033,,0.089,,,92.411,329.960,0.029,,0.084,,,92.544,331.614,0.027,,0.080,,,,,,0.584,92.996,0.023,,1.090,331.050,0.081,,,0.759,93.170,0.021,,3.325,333.285,0.075,,,0.657,93.068,0.022,,4.573,334.533,0.071,,,0.398,92.810,0.025,,4.960,334.921,0.070,
3/24/2020,57,97.00499725,357.3200073,,,,,,,,,,,,,92.549,337.782,0.046,,0.055,,,93.408,342.584,0.037,,0.041,,,94.049,348.146,0.030,,0.026,,,94.492,353.106,0.026,,0.012,,,,,,0.900,94.950,0.021,,6.219,354.365,0.008,,,1.155,95.204,0.019,,10.012,358.158,0.002,,,1.246,95.295,0.018,,12.741,360.887,0.010,,,1.328,95.378,0.017,,14.879,363.026,0.016,
3/25/2020,58,94.29199982,342.3900146,,,,,,,,,,,,,93.886,343.643,0.004,,0.004,,,95.027,349.215,0.008,,0.020,,,95.823,353.650,0.016,,0.033,,,96.377,356.266,0.022,,0.041,,,,,,1.162,96.985,0.029,,6.004,359.655,0.050,,,1.433,97.256,0.031,,7.984,361.634,0.056,,,1.562,97.385,0.033,,8.399,362.049,0.057,,,1.662,97.485,0.034,,7.848,361.499,0.056,
3/26/2020,59,97.77449799,362.9899902,,,,,,,,,,,,,94.008,343.267,0.039,,0.054,,,94.696,346.144,0.031,,0.046,,,94.904,346.894,0.029,,0.044,,,94.813,345.859,0.030,,0.047,,,,,,0.538,95.442,0.024,,2.176,349.070,0.038,,,0.375,95.279,0.026,,1.351,348.245,0.041,,,0.074,94.978,0.029,,-0.694,346.200,0.046,,,-0.273,94.631,0.032,,-3.105,343.789,0.053,
3/27/2020,60,95.00499725,357.1199951,,,,,,,,,,,,,95.138,349.184,0.001,,0.022,,,96.081,353.725,0.011,,0.010,,,96.626,356.552,0.017,,0.002,,,97.034,358.707,0.021,,0.004,,,,,,0.893,97.520,0.026,,4.421,360.972,0.011,,,0.981,97.608,0.027,,5.089,361.640,0.013,,,1.063,97.689,0.028,,5.517,362.068,0.014,,,1.223,97.850,0.030,,6.467,363.018,0.017,
3/30/2020,61,98.19750214,370.9599915,,,,,,,,,,,,,95.098,351.565,0.032,,0.052,,,95.597,355.253,0.026,,0.042,,,95.654,356.893,0.026,,0.038,,,95.512,357.517,0.027,,0.036,,,,,,0.333,95.987,0.023,,3.197,360.089,0.029,,,0.102,95.755,0.025,,2.952,359.845,0.030,,,-0.159,95.495,0.028,,2.411,359.304,0.031,,,-0.424,95.230,0.030,,1.872,358.765,0.033,
3/31/2020,62,97.48600006,375.5,,,,,,,,,,,,,96.028,357.383,0.015,,0.048,,,96.767,362.321,0.007,,0.035,,,97.180,365.333,0.003,,0.027,,,97.526,367.599,0.000,,0.021,,,,,,0.691,97.871,0.004,,4.770,370.103,0.014,,,0.743,97.923,0.004,,5.422,370.755,0.013,,,0.852,98.032,0.006,,6.029,371.362,0.011,,,1.039,98.219,0.008,,6.798,372.131,0.009,
4/1/2020,63,95.38500214,364.0799866,,,,,,,,,,,,,96.465,362.818,0.011,,0.003,,,97.091,368.251,0.018,,0.011,,,97.364,371.433,0.021,,0.020,,,97.496,373.525,0.022,,0.026,,,,,,0.539,97.903,0.026,,5.169,376.602,0.034,,,0.491,97.855,0.026,,5.727,377.160,0.036,,,0.451,97.815,0.025,,6.072,377.505,0.037,,,0.397,97.761,0.025,,6.275,377.708,0.037,
4/2/2020,64,95.9414978,370.0799866,,,,,,,,,,,,,96.141,363.197,0.002,,0.019,,,96.323,366.374,0.004,,0.010,,,96.176,367.021,0.002,,0.008,,,95.913,366.441,0.000,,0.010,,,,,,0.021,96.198,0.003,,2.295,369.316,0.002,,,-0.264,95.912,0.000,,1.165,368.186,0.005,,,-0.532,95.645,0.003,,-0.219,366.803,0.009,,,-0.791,95.385,0.006,,-1.740,365.281,0.013,
4/3/2020,65,95.32949829,361.7600098,,,,,,,,,,,,,96.081,365.262,0.008,,0.010,,,96.151,368.042,0.009,,0.017,,,96.035,368.857,0.007,,0.020,,,95.934,369.170,0.006,,0.020,,,,,,-0.027,96.008,0.007,,2.157,371.013,0.026,,,-0.209,95.827,0.005,,1.466,370.323,0.024,,,-0.297,95.738,0.004,,1.014,369.870,0.022,,,-0.303,95.732,0.004,,0.941,369.798,0.022,
4/6/2020,66,99.87950134,379.9599915,,,,,,,,,,,,,95.856,364.211,0.040,,0.041,,,95.782,365.215,0.041,,0.039,,,95.612,364.599,0.043,,0.040,,,95.481,363.613,0.044,,0.043,,,,,,-0.146,95.466,0.044,,0.232,364.831,0.040,,,-0.305,95.307,0.046,,-1.110,363.489,0.043,,,-0.373,95.239,0.046,,-2.149,362.449,0.046,,,-0.394,95.218,0.047,,-2.958,361.641,0.048,
4/7/2020,67,100.5800018,372.2799988,,,,,,,,,,,,,97.063,368.936,0.035,,0.009,,,97.626,371.850,0.029,,0.001,,,98.172,373.815,0.024,,0.004,,,98.780,375.873,0.018,,0.010,,,,,,0.666,98.838,0.017,,2.928,376.743,0.012,,,0.984,99.157,0.014,,3.537,377.353,0.014,,,1.387,99.560,0.010,,4.670,378.486,0.017,,,1.822,99.994,0.006,,6.173,379.989,0.021,
4/8/2020,68,102.1500015,371.1199951,,,,,,,,,,,,,98.118,369.939,0.039,,0.003,,,98.955,372.044,0.031,,0.002,,,99.617,372.894,0.025,,0.005,,,100.130,373.178,0.020,,0.006,,,,,,0.899,100.516,0.016,,1.773,374.667,0.010,,,1.191,100.808,0.013,,1.531,374.425,0.009,,,1.422,101.039,0.011,,1.315,374.210,0.008,,,1.539,101.156,0.010,,0.852,373.747,0.007,
4/9/2020,69,102.1380005,370.7200012,,,,,,,,,,,,,99.328,370.293,0.028,,0.001,,,100.393,371.628,0.017,,0.002,,,101.137,371.830,0.010,,0.003,,,101.645,371.635,0.005,,0.002,,,,,,1.086,102.222,0.001,,0.922,372.751,0.005,,,1.339,102.476,0.003,,0.363,372.193,0.004,,,1.481,102.617,0.005,,-0.113,371.717,0.003,,,1.525,102.661,0.005,,-0.585,371.244,0.001,
4/13/2020,70,108.4434967,396.7200012,,,,,,,,,,,,,100.171,370.421,0.076,,0.066,,,101.178,371.219,0.067,,0.064,,,101.738,371.164,0.062,,0.064,,,102.015,370.949,0.059,,0.065,,,,,,0.940,102.678,0.053,,0.445,371.609,0.063,,,1.007,102.744,0.053,,-0.100,371.064,0.065,,,0.953,102.690,0.053,,-0.444,370.719,0.066,,,0.832,102.569,0.054,,-0.646,370.518,0.066,
4/14/2020,71,114.1660004,413.5499878,,,,,,,,,,,,,102.653,378.311,0.101,,0.085,,,104.448,382.695,0.085,,0.075,,,105.761,386.498,0.074,,0.065,,,106.836,390.277,0.064,,0.056,,,,,,1.865,107.626,0.057,,4.912,391.410,0.054,,,2.364,108.126,0.053,,6.845,393.343,0.049,,,2.795,108.556,0.049,,9.022,395.520,0.044,,,3.226,108.987,0.045,,11.339,397.836,0.038,
4/15/2020,72,115.3840027,426.75,,,,,,,,,,,,,106.107,388.883,0.080,,0.089,,,108.821,396.580,0.057,,0.071,,,110.804,402.729,0.040,,0.056,,,112.334,407.732,0.026,,0.045,,,,,,2.818,113.623,0.015,,8.308,411.037,0.037,,,3.570,114.374,0.009,,11.069,413.798,0.030,,,4.144,114.948,0.004,,13.348,416.077,0.025,,,4.589,115.393,0.000,,15.008,417.737,0.021,
4/16/2020,73,120.4095001,439.1700134,,,,,,,,,,,,,108.890,400.243,0.096,,0.089,,,111.774,410.156,0.072,,0.066,,,113.552,417.142,0.057,,0.050,,,114.621,421.995,0.048,,0.039,,,,,,2.797,116.349,0.034,,10.139,427.281,0.027,,,3.200,116.752,0.030,,12.574,429.715,0.022,,,3.306,116.858,0.029,,13.987,431.128,0.018,,,3.208,116.760,0.030,,14.562,431.703,0.017,
4/17/2020,74,118.75,422.9599915,,,,,,,,,,,,,112.346,411.921,0.054,,0.026,,,115.660,423.212,0.026,,0.001,,,117.667,430.359,0.009,,0.017,,,118.962,434.876,0.002,,0.028,,,,,,3.192,120.859,0.018,,11.063,441.421,0.044,,,3.611,121.278,0.021,,12.863,443.222,0.048,,,3.791,121.458,0.023,,13.525,443.884,0.049,,,3.888,121.554,0.024,,13.553,443.912,0.050,
4/20/2020,75,119.6804962,437.4899902,,,,,,,,,,,,,114.267,415.233,0.045,,0.051,,,117.051,423.099,0.022,,0.033,,,118.317,425.919,0.011,,0.026,,,118.803,425.939,0.007,,0.026,,,,,,2.430,120.746,0.009,,6.412,432.332,0.012,,,2.279,120.595,0.008,,5.077,430.997,0.015,,,1.907,120.223,0.005,,2.746,428.666,0.020,,,1.460,119.776,0.001,,0.059,425.978,0.026,
4/21/2020,76,116.4059982,433.8299866,,,,,,,,,,,,,115.891,421.910,0.004,,0.027,,,118.234,429.575,0.016,,0.010,,,119.135,432.862,0.023,,0.002,,,119.461,434.602,0.026,,0.002,,,,,,1.946,121.081,0.040,,6.571,439.433,0.013,,,1.622,120.757,0.037,,5.916,438.778,0.011,,,1.254,120.389,0.034,,5.264,438.126,0.010,,,0.979,120.114,0.032,,5.221,438.083,0.010,
4/22/2020,77,118.1744995,421.4200134,,,,,,,,,,,,,116.046,425.486,0.018,,0.010,,,117.411,431.490,0.006,,0.024,,,117.498,433.443,0.006,,0.029,,,117.170,434.023,0.009,,0.030,,,,,,0.871,118.369,0.002,,4.774,438.217,0.040,,,0.155,117.653,0.004,,3.515,436.958,0.037,,,-0.481,117.017,0.010,,2.454,435.897,0.034,,,-0.983,116.514,0.014,,1.741,435.184,0.033,
4/23/2020,78,119.9725037,426.7000122,,,,,,,,,,,,,116.684,424.266,0.027,,0.006,,,117.755,426.958,0.018,,0.001,,,117.904,426.229,0.017,,0.001,,,117.923,424.571,0.017,,0.005,,,,,,0.732,118.635,0.011,,1.178,427.407,0.002,,,0.268,118.172,0.015,,-1.313,424.916,0.004,,,0.051,117.955,0.017,,-3.347,422.883,0.009,,,0.059,117.963,0.017,,-4.975,421.254,0.013,
4/24/2020,79,120.5110016,424.9899902,,,,,,,,,,,,,117.671,424.996,0.024,,0.000,,,118.753,426.842,0.015,,0.004,,,119.145,426.512,0.011,,0.004,,,119.460,426.168,0.009,,0.003,,,,,,0.885,120.030,0.004,,0.909,427.421,0.006,,,0.706,119.851,0.005,,-0.595,425.917,0.002,,,0.765,119.910,0.005,,-1.169,425.343,0.001,,,0.946,120.091,0.003,,-1.032,425.480,0.001,
4/27/2020,80,118.8000031,421.3800049,,,,,,,,,,,,,118.523,424.994,0.002,,0.009,,,119.544,426.009,0.006,,0.011,,,119.965,425.599,0.010,,0.010,,,120.248,425.284,0.012,,0.009,,,,,,0.865,120.830,0.017,,0.363,425.961,0.011,,,0.757,120.722,0.016,,-0.738,424.861,0.008,,,0.798,120.762,0.017,,-1.015,424.583,0.008,,,0.851,120.816,0.017,,-0.943,424.656,0.008,
4/28/2020,81,115.7040024,403.8299866,,,,,,,,,,,,,118.606,423.910,0.025,,0.050,,,119.209,423.926,0.030,,0.050,,,119.266,423.067,0.031,,0.048,,,119.162,422.356,0.030,,0.046,,,,,,0.396,119.662,0.034,,-0.506,422.562,0.046,,,0.102,119.368,0.032,,-1.545,421.523,0.044,,,-0.100,119.166,0.030,,-1.925,421.143,0.043,,,-0.311,118.955,0.028,,-2.134,420.933,0.042,
4/29/2020,82,118.635498,411.8900146,,,,,,,,,,,,,117.735,417.886,0.008,,0.015,,,117.632,414.883,0.008,,0.007,,,117.129,411.525,0.013,,0.001,,,116.569,408.462,0.017,,0.008,,,,,,-0.364,116.765,0.016,,-3.817,407.708,0.010,,,-0.906,116.223,0.020,,-6.044,405.481,0.016,,,-1.322,115.806,0.024,,-7.695,403.830,0.020,,,-1.681,115.448,0.027,,-9.190,402.335,0.023,
4/30/2020,83,123.6999969,419.8500061,,,,,,,,,,,,,118.005,416.087,0.046,,0.009,,,118.083,413.536,0.045,,0.015,,,118.033,411.744,0.046,,0.019,,,118.119,411.033,0.045,,0.021,,,,,,0.016,118.049,0.046,,-2.606,409.138,0.026,,,-0.091,117.942,0.047,,-3.226,408.518,0.027,,,0.014,118.046,0.046,,-2.947,408.797,0.026,,,0.258,118.291,0.044,,-2.133,409.611,0.024,
5/1/2020,84,114.302002,415.269989,,,,,,,,,,,,,119.714,417.216,0.047,,0.005,,,120.611,416.377,0.055,,0.003,,,121.433,416.608,0.062,,0.003,,,122.305,417.646,0.070,,0.006,,,,,,1.032,122.465,0.071,,-0.365,416.243,0.002,,,1.480,122.913,0.075,,0.415,417.022,0.004,,,2.046,123.479,0.080,,1.739,418.347,0.007,,,2.615,124.048,0.085,,3.114,419.722,0.011,
5/4/2020,85,115.7994995,428.1499939,,,,,,,,,,,,,118.090,416.632,0.020,,0.027,,,117.772,415.879,0.017,,0.029,,,117.154,415.805,0.012,,0.029,,,116.303,415.864,0.004,,0.029,,,,,,-0.561,116.593,0.007,,-0.496,415.309,0.030,,,-1.111,116.043,0.002,,-0.133,415.672,0.029,,,-1.749,115.405,0.003,,0.214,416.019,0.028,,,-2.555,114.599,0.010,,0.177,415.982,0.028,
5/5/2020,86,115.8899994,424.6799927,,,,,,,,,,,,,117.403,420.088,0.013,,0.011,,,116.884,421.401,0.009,,0.008,,,116.341,423.212,0.004,,0.003,,,115.925,425.078,0.000,,0.001,,,,,,-0.637,115.705,0.002,,1.875,425.087,0.001,,,-0.977,115.364,0.005,,3.260,426.472,0.004,,,-1.187,115.154,0.006,,4.530,427.742,0.007,,,-1.249,115.093,0.007,,5.599,428.811,0.010,
5/6/2020,87,117.5630035,434.2600098,,,,,,,,,,,,,116.949,421.465,0.005,,0.029,,,116.437,422.877,0.010,,0.026,,,116.071,424.093,0.013,,0.023,,,115.899,424.780,0.014,,0.022,,,,,,-0.527,115.543,0.017,,1.577,425.669,0.020,,,-0.659,115.411,0.018,,2.189,426.282,0.018,,,-0.637,115.433,0.018,,2.340,426.433,0.018,,,-0.515,115.555,0.017,,2.060,426.153,0.019,
5/7/2020,88,118.3805008,436.5299988,,,,,,,,,,,,,117.133,425.304,0.011,,0.026,,,116.944,427.999,0.012,,0.020,,,116.966,430.193,0.012,,0.015,,,117.147,431.890,0.010,,0.011,,,,,,-0.100,116.866,0.013,,2.934,433.127,0.008,,,0.040,117.006,0.012,,3.949,434.142,0.005,,,0.282,117.248,0.010,,4.596,434.789,0.004,,,0.543,117.509,0.007,,5.090,435.283,0.003,
5/8/2020,89,118.9804993,435.5499878,,,,,,,,,,,,,117.507,428.672,0.012,,0.016,,,117.590,431.838,0.012,,0.009,,,117.815,433.995,0.010,,0.004,,,118.072,435.370,0.008,,0.000,,,,,,0.184,117.999,0.008,,3.194,437.189,0.004,,,0.404,118.219,0.006,,3.883,437.878,0.005,,,0.622,118.437,0.005,,4.120,438.115,0.006,,,0.772,118.587,0.003,,4.124,438.119,0.006,
5/11/2020,90,120.4499969,440.519989,,,,,,,,,,,,,117.949,430.735,0.021,,0.022,,,118.216,433.508,0.019,,0.016,,,118.514,434.928,0.016,,0.013,,,118.753,435.505,0.014,,0.011,,,,,,0.339,118.853,0.013,,2.516,437.444,0.007,,,0.537,119.051,0.012,,2.555,437.484,0.007,,,0.669,119.183,0.011,,2.208,437.136,0.008,,,0.718,119.232,0.010,,1.731,436.659,0.009,
5/12/2020,91,117.8475037,431.8200073,,,,,,,,,,,,,118.700,433.671,0.007,,0.004,,,119.221,436.664,0.012,,0.011,,,119.676,438.283,0.016,,0.015,,,120.026,439.266,0.018,,0.017,,,,,,0.586,120.261,0.020,,2.768,441.051,0.021,,,0.818,120.494,0.022,,2.915,441.199,0.022,,,0.964,120.640,0.024,,2.896,441.179,0.022,,,1.051,120.726,0.024,,2.949,441.232,0.022,
5/13/2020,92,118.3960037,438.269989,,,,,,,,,,,,,118.444,433.115,0.000,,0.012,,,118.603,434.484,0.002,,0.009,,,118.579,434.405,0.002,,0.009,,,118.392,433.682,0.000,,0.010,,,,,,0.081,118.660,0.002,,0.774,435.179,0.007,,,-0.044,118.535,0.001,,-0.142,434.264,0.009,,,-0.272,118.306,0.001,,-1.168,433.237,0.011,,,-0.560,118.019,0.003,,-2.171,432.234,0.014,
5/14/2020,93,119.4424973,441.9500122,,,,,,,,,,,,,118.430,434.662,0.008,,0.016,,,118.510,436.188,0.008,,0.013,,,118.469,436.724,0.008,,0.012,,,118.395,437.123,0.009,,0.011,,,,,,0.024,118.493,0.008,,1.237,437.962,0.009,,,-0.073,118.396,0.009,,0.966,437.690,0.010,,,-0.175,118.294,0.010,,0.924,437.648,0.010,,,-0.222,118.247,0.010,,1.196,437.920,0.009,
5/15/2020,94,120.4889984,454.1900024,,,,,,,,,,,,,118.733,436.848,0.015,,0.038,,,118.930,438.781,0.013,,0.034,,,119.053,439.860,0.012,,0.032,,,119.181,440.743,0.011,,0.030,,,,,,0.192,119.245,0.010,,1.807,441.666,0.028,,,0.222,119.276,0.010,,1.942,441.802,0.027,,,0.281,119.334,0.010,,2.251,442.111,0.027,,,0.382,119.436,0.009,,2.651,442.510,0.026,
5/18/2020,95,121.3130035,452.5799866,,,,,,,,,,,,,119.260,442.051,0.017,,0.023,,,119.631,445.715,0.014,,0.015,,,119.915,448.458,0.012,,0.009,,,120.162,450.828,0.009,,0.004,,,,,,0.393,120.307,0.008,,3.844,452.302,0.001,,,0.510,120.425,0.007,,4.937,453.395,0.002,,,0.629,120.544,0.006,,6.059,454.517,0.004,,,0.742,120.656,0.005,,7.111,455.569,0.007,
5/19/2020,96,122.4664993,451.0400085,,,,,,,,,,,,,119.876,445.210,0.021,,0.013,,,120.388,448.804,0.017,,0.005,,,120.754,450.931,0.014,,0.000,,,121.025,452.142,0.012,,0.002,,,,,,0.527,121.280,0.010,,3.433,454.364,0.007,,,0.658,121.412,0.009,,3.829,454.760,0.008,,,0.755,121.509,0.008,,3.908,454.839,0.008,,,0.815,121.568,0.007,,3.633,454.564,0.008,
5/20/2020,97,124.8970032,447.6700134,,,,,,,,,,,,,120.653,446.959,0.034,,0.002,,,121.323,449.810,0.029,,0.005,,,121.781,450.996,0.025,,0.007,,,122.106,451.316,0.022,,0.008,,,,,,0.677,122.458,0.020,,2.423,453.419,0.013,,,0.824,122.606,0.018,,2.135,453.132,0.012,,,0.919,122.700,0.018,,1.602,452.599,0.011,,,0.974,122.756,0.017,,0.957,451.954,0.010,
5/21/2020,98,122.336998,436.25,,,,,,,,,,,,,121.926,447.172,0.003,,0.025,,,122.932,448.847,0.005,,0.029,,,123.651,449.001,0.011,,0.029,,,124.199,448.581,0.015,,0.028,,,,,,1.035,124.685,0.019,,1.097,450.098,0.032,,,1.295,124.945,0.021,,0.276,449.277,0.030,,,1.489,125.140,0.023,,-0.557,448.444,0.028,,,1.646,125.296,0.024,,-1.258,447.743,0.026,
5/22/2020,99,121.8440018,429.3200073,,,,,,,,,,,,,122.050,443.895,0.002,,0.034,,,122.664,443.178,0.007,,0.032,,,122.862,441.350,0.008,,0.028,,,122.803,439.333,0.008,,0.023,,,,,,0.488,123.350,0.012,,-1.527,439.823,0.024,,,0.357,123.220,0.011,,-3.291,438.059,0.020,,,0.123,122.985,0.009,,-4.813,436.537,0.017,,,-0.180,122.683,0.007,,-6.052,435.298,0.014,
5/26/2020,100,121.0930023,414.769989,,,,,,,,,,,,,121.988,439.523,0.007,,0.060,,,122.295,436.942,0.010,,0.053,,,122.251,434.132,0.010,,0.047,,,122.084,431.823,0.008,,0.041,,,,,,0.158,122.410,0.011,,-3.234,430.898,0.039,,,-0.078,122.173,0.009,,-5.058,429.074,0.034,,,-0.318,121.934,0.007,,-6.256,427.876,0.032,,,-0.503,121.748,0.005,,-6.927,427.205,0.030,
5/27/2020,101,120.5195007,419.8900146,,,,,,,,,,,,,121.719,432.097,0.010,,0.029,,,121.754,426.965,0.010,,0.017,,,121.556,422.515,0.009,,0.006,,,121.341,419.033,0.007,,0.002,,,,,,-0.098,121.459,0.008,,-5.749,416.766,0.007,,,-0.356,121.200,0.006,,-8.010,414.505,0.013,,,-0.544,121.012,0.004,,-9.473,413.042,0.016,,,-0.647,120.909,0.003,,-10.445,412.070,0.019,
5/28/2020,102,120.0550003,413.4400024,,,,,,,,,,,,,121.359,428.435,0.011,,0.036,,,121.199,423.781,0.010,,0.025,,,120.934,420.940,0.007,,0.018,,,120.725,419.676,0.006,,0.015,,,,,,-0.255,120.679,0.005,,-4.497,416.443,0.007,,,-0.476,120.459,0.003,,-5.114,415.826,0.006,,,-0.591,120.343,0.002,,-4.734,416.206,0.007,,,-0.628,120.306,0.002,,-3.792,417.148,0.009,
5/29/2020,103,122.1184998,419.730011,,,,,,,,,,,,,120.968,423.936,0.009,,0.010,,,120.684,419.128,0.012,,0.001,,,120.407,416.440,0.014,,0.008,,,120.222,414.999,0.016,,0.011,,,,,,-0.337,120.070,0.017,,-4.498,411.942,0.019,,,-0.499,119.908,0.018,,-4.838,411.602,0.019,,,-0.553,119.854,0.019,,-4.594,411.846,0.019,,,-0.553,119.854,0.019,,-4.323,412.117,0.018,
6/1/2020,104,123.552002,425.9200134,,,,,,,,,,,,,121.313,422.674,0.018,,0.008,,,121.329,419.399,0.018,,0.015,,,121.434,418.414,0.017,,0.018,,,121.644,418.547,0.015,,0.017,,,,,,0.072,121.506,0.017,,-2.556,415.858,0.024,,,0.188,121.621,0.016,,-1.772,416.642,0.022,,,0.395,121.829,0.014,,-0.653,417.761,0.019,,,0.632,122.066,0.012,,0.400,418.814,0.017,
6/2/2020,105,123.6204987,427.3099976,,,,,,,,,,,,,121.985,423.648,0.013,,0.009,,,122.330,422.333,0.010,,0.012,,,122.705,422.918,0.007,,0.010,,,123.075,424.077,0.004,,0.008,,,,,,0.432,123.137,0.004,,-0.438,422.479,0.011,,,0.675,123.380,0.002,,1.052,423.969,0.008,,,0.921,123.625,0.000,,2.441,425.359,0.005,,,1.111,123.816,0.002,,3.478,426.395,0.002,
6/3/2020,106,123.9199982,421.9700012,,,,,,,,,,,,,122.476,424.747,0.012,,0.007,,,122.911,424.573,0.008,,0.006,,,123.254,425.553,0.005,,0.008,,,123.484,426.502,0.004,,0.011,,,,,,0.467,123.721,0.002,,0.484,426.037,0.010,,,0.619,123.873,0.000,,1.764,427.317,0.013,,,0.698,123.952,0.000,,2.558,428.111,0.015,,,0.690,123.944,0.000,,2.846,428.399,0.015,
6/4/2020,107,123.0299988,414.3299866,,,,,,,,,,,,,122.909,423.914,0.001,,0.023,,,123.365,423.402,0.003,,0.022,,,123.654,423.403,0.005,,0.022,,,123.811,423.103,0.006,,0.021,,,,,,0.447,124.101,0.009,,-0.306,423.097,0.021,,,0.520,124.174,0.009,,0.003,423.406,0.022,,,0.519,124.173,0.009,,-0.267,423.136,0.021,,,0.472,124.126,0.009,,-0.901,422.502,0.020,
6/5/2020,108,124.1500015,419.6000061,,,,,,,,,,,,,122.945,421.039,0.010,,0.003,,,123.214,419.319,0.008,,0.001,,,123.279,417.959,0.007,,0.004,,,123.225,416.523,0.007,,0.007,,,,,,0.201,123.480,0.005,,-1.848,416.112,0.008,,,0.118,123.397,0.006,,-2.448,415.511,0.010,,,-0.017,123.262,0.007,,-3.373,414.586,0.012,,,-0.163,123.117,0.008,,-4.308,413.651,0.014,
6/8/2020,109,126.2030029,419.4899902,,,,,,,,,,,,,123.307,420.607,0.023,,0.003,,,123.635,419.446,0.020,,0.000,,,123.802,418.944,0.019,,0.001,,,123.919,418.831,0.018,,0.002,,,,,,0.297,124.099,0.017,,-0.998,417.946,0.004,,,0.300,124.102,0.017,,-0.903,418.040,0.003,,,0.307,124.108,0.017,,-0.759,418.185,0.003,,,0.351,124.153,0.016,,-0.339,418.605,0.002,
6/9/2020,110,130.0429993,434.0499878,,,,,,,,,,,,,124.176,420.272,0.045,,0.032,,,124.791,419.466,0.040,,0.034,,,125.243,419.271,0.037,,0.034,,,125.632,419.325,0.034,,0.034,,,,,,0.640,125.883,0.032,,-0.600,418.671,0.035,,,0.813,126.056,0.031,,-0.349,418.922,0.035,,,0.987,126.230,0.029,,-0.107,419.165,0.034,,,1.168,126.411,0.028,,0.161,419.433,0.034,
6/10/2020,111,132.3724976,434.480011,,,,,,,,,,,,,125.936,424.405,0.049,,0.023,,,127.154,426.029,0.039,,0.019,,,128.123,428.139,0.032,,0.015,,,128.940,430.369,0.026,,0.009,,,,,,1.312,129.435,0.022,,2.240,430.379,0.009,,,1.743,129.866,0.019,,3.798,431.937,0.006,,,2.123,130.246,0.016,,5.278,433.416,0.002,,,2.452,130.575,0.014,,6.691,434.829,0.001,
6/11/2020,112,127.8980026,425.5599976,,,,,,,,,,,,,127.867,427.428,0.000,,0.004,,,129.502,429.832,0.013,,0.010,,,130.673,431.943,0.022,,0.015,,,131.514,433.452,0.028,,0.019,,,,,,1.683,132.356,0.035,,2.709,434.653,0.021,,,2.106,132.779,0.038,,3.801,435.745,0.024,,,2.379,133.052,0.040,,4.394,436.337,0.025,,,2.525,133.198,0.041,,4.526,436.470,0.026,
6/12/2020,113,127.2509995,418.0700073,,,,,,,,,,,,,127.876,426.867,0.005,,0.021,,,128.780,427.909,0.012,,0.024,,,129.008,428.113,0.014,,0.024,,,128.802,427.533,0.012,,0.023,,,,,,0.679,129.687,0.019,,0.748,428.861,0.026,,,0.409,129.417,0.017,,0.367,428.480,0.025,,,-0.047,128.961,0.013,,-0.540,427.573,0.023,,,-0.617,128.391,0.009,,-1.741,426.372,0.020,
6/15/2020,114,128.6340027,425.5,,,,,,,,,,,,,127.689,424.228,0.007,,0.003,,,128.092,423.482,0.004,,0.005,,,127.954,422.087,0.005,,0.008,,,127.639,420.436,0.008,,0.012,,,,,,0.159,128.113,0.004,,-1.285,420.803,0.011,,,-0.249,127.705,0.007,,-2.510,419.578,0.014,,,-0.651,127.302,0.010,,-3.832,418.256,0.017,,,-0.945,127.009,0.013,,-4.955,417.133,0.020,
6/16/2020,115,130.763504,436.1300049,,,,,,,,,,,,,127.972,424.610,0.021,,0.026,,,128.336,424.390,0.019,,0.027,,,128.362,424.135,0.018,,0.028,,,128.385,424.234,0.018,,0.027,,,,,,0.234,128.596,0.017,,-0.285,423.850,0.028,,,0.047,128.408,0.018,,-0.459,423.676,0.029,,,-0.016,128.346,0.018,,-0.304,423.831,0.028,,,0.070,128.432,0.018,,0.297,424.432,0.027,
6/17/2020,116,132.048996,447.769989,,,,,,,,,,,,,128.810,428.066,0.025,,0.044,,,129.428,429.673,0.020,,0.040,,,129.803,431.332,0.017,,0.037,,,130.169,433.156,0.014,,0.033,,,,,,0.596,130.399,0.012,,1.960,433.292,0.032,,,0.674,130.477,0.012,,2.986,434.318,0.030,,,0.858,130.661,0.011,,4.197,435.529,0.027,,,1.098,130.901,0.009,,5.472,436.804,0.024,
6/18/2020,117,132.6990051,449.8699951,,,,,,,,,,,,,129.781,433.977,0.022,,0.035,,,130.608,437.817,0.016,,0.027,,,131.151,441.195,0.012,,0.019,,,131.579,444.116,0.008,,0.013,,,,,,0.821,131.972,0.005,,4.331,445.525,0.010,,,0.977,132.128,0.004,,6.081,447.275,0.006,,,1.152,132.302,0.003,,7.596,448.791,0.002,,,1.285,132.436,0.002,,8.765,449.960,0.000,
6/19/2020,118,133.7505035,453.7200012,,,,,,,,,,,,,130.657,438.745,0.023,,0.033,,,131.549,443.241,0.016,,0.023,,,132.080,446.400,0.012,,0.016,,,132.419,448.432,0.010,,0.012,,,,,,0.854,132.933,0.006,,4.593,450.993,0.006,,,0.956,133.035,0.005,,5.687,452.087,0.004,,,1.018,133.098,0.005,,6.162,452.562,0.003,,,1.018,133.098,0.005,,6.095,452.495,0.003,
6/22/2020,119,135.6909943,468.0400085,,,,,,,,,,,,,131.585,443.237,0.030,,0.053,,,132.540,447.956,0.023,,0.043,,,133.082,450.792,0.019,,0.037,,,133.418,452.398,0.017,,0.033,,,,,,0.898,133.981,0.013,,4.533,455.325,0.027,,,0.977,134.059,0.012,,5.104,455.896,0.026,,,1.009,134.091,0.012,,5.100,455.892,0.026,,,1.006,134.089,0.012,,4.818,455.610,0.027,
6/23/2020,120,138.2205048,466.2600098,,,,,,,,,,,,,132.817,450.678,0.039,,0.033,,,133.958,456.994,0.031,,0.020,,,134.647,461.141,0.026,,0.011,,,135.123,464.129,0.022,,0.005,,,,,,1.098,135.746,0.018,,6.278,467.418,0.002,,,1.242,135.889,0.017,,7.464,468.605,0.005,,,1.343,135.990,0.016,,8.249,469.390,0.007,,,1.426,136.073,0.016,,8.966,470.107,0.008,
6/24/2020,121,136.7200012,457.8500061,,,,,,,,,,,,,134.438,455.353,0.017,,0.005,,,135.876,461.164,0.006,,0.007,,,136.791,464.212,0.001,,0.014,,,137.446,465.727,0.005,,0.017,,,,,,1.412,138.203,0.011,,5.316,469.528,0.026,,,1.648,138.439,0.013,,5.488,469.700,0.026,,,1.823,138.615,0.014,,5.143,469.355,0.025,,,1.964,138.756,0.015,,4.545,468.757,0.024,
6/25/2020,122,137.7290039,465.9100037,,,,,,,,,,,,,135.122,456.102,0.019,,0.021,,,136.256,459.673,0.011,,0.013,,,136.749,460.395,0.007,,0.012,,,136.902,459.819,0.006,,0.013,,,,,,0.976,137.724,0.000,,2.576,462.971,0.006,,,0.887,137.635,0.001,,1.300,461.695,0.009,,,0.704,137.452,0.002,,-0.233,460.162,0.012,,,0.459,137.208,0.004,,-1.727,458.668,0.016,
6/26/2020,123,134.6434937,443.3999939,,,,,,,,,,,,,135.904,459.044,0.009,,0.035,,,136.919,462.479,0.017,,0.043,,,137.337,463.704,0.020,,0.046,,,137.522,464.387,0.021,,0.047,,,,,,0.859,138.196,0.026,,2.796,466.500,0.052,,,0.753,138.089,0.026,,2.204,465.908,0.051,,,0.634,137.971,0.025,,1.892,465.596,0.050,,,0.556,137.893,0.024,,2.050,465.754,0.050,
6/29/2020,124,134.0189972,447.2399902,,,,,,,,,,,,,135.526,454.351,0.011,,0.016,,,135.895,453.894,0.014,,0.015,,,135.721,451.522,0.013,,0.010,,,135.363,448.647,0.010,,0.003,,,,,,0.117,135.838,0.014,,-1.698,449.824,0.006,,,-0.313,135.408,0.010,,-4.270,447.252,0.000,,,-0.716,135.005,0.007,,-6.553,444.969,0.005,,,-1.073,134.648,0.005,,-8.624,442.897,0.010,
6/30/2020,125,137.9409943,455.0400085,,,,,,,,,,,,,135.074,452.218,0.021,,0.006,,,135.051,450.900,0.021,,0.009,,,134.700,448.953,0.023,,0.013,,,134.355,447.592,0.026,,0.016,,,,,,-0.225,134.475,0.025,,-1.959,446.994,0.018,,,-0.632,134.068,0.028,,-3.504,445.448,0.021,,,-0.899,133.801,0.030,,-4.162,444.790,0.023,,,-1.034,133.666,0.031,,-4.083,444.870,0.022,
7/1/2020,126,143.9349976,485.6400146,,,,,,,,,,,,,135.934,453.064,0.056,,0.067,,,136.351,452.763,0.053,,0.068,,,136.644,452.605,0.051,,0.068,,,137.045,453.178,0.048,,0.067,,,,,,0.426,137.071,0.048,,-0.276,452.329,0.069,,,0.528,137.172,0.047,,-0.284,452.321,0.069,,,0.807,137.452,0.045,,0.526,453.132,0.067,,,1.200,137.845,0.042,,1.719,454.324,0.064,
7/2/2020,127,144.5149994,476.8900146,,,,,,,,,,,,,138.334,462.837,0.043,,0.029,,,139.764,467.558,0.033,,0.020,,,141.019,472.426,0.024,,0.009,,,142.212,477.524,0.016,,0.001,,,,,,1.611,142.629,0.013,,5.753,478.179,0.003,,,2.259,143.277,0.009,,8.763,481.189,0.009,,,2.947,143.966,0.004,,12.103,484.529,0.016,,,3.581,144.600,0.001,,15.295,487.721,0.023,
7/6/2020,128,152.852005,493.8099976,,,,,,,,,,,,,140.189,467.053,0.083,,0.054,,,141.902,471.757,0.072,,0.045,,,143.117,475.104,0.064,,0.038,,,143.939,477.049,0.058,,0.034,,,,,,1.757,144.873,0.052,,4.831,479.935,0.028,,,2.186,145.303,0.049,,6.025,481.130,0.026,,,2.438,145.554,0.048,,6.448,481.553,0.025,,,2.468,145.585,0.048,,5.833,480.937,0.026,
7/7/2020,129,150.0059967,493.1600037,,,,,,,,,,,,,143.988,475.080,0.040,,0.037,,,146.829,481.681,0.021,,0.023,,,148.958,486.328,0.007,,0.014,,,150.624,489.620,0.004,,0.007,,,,,,2.982,151.940,0.013,,6.749,493.076,0.000,,,3.831,152.789,0.019,,8.364,494.692,0.003,,,4.480,153.438,0.023,,9.313,495.641,0.005,,,4.998,153.956,0.026,,9.876,496.203,0.006,
7/8/2020,130,154.0554962,502.7799988,,,,,,,,,,,,,145.793,480.504,0.054,,0.044,,,148.259,486.847,0.038,,0.032,,,149.587,490.427,0.029,,0.025,,,150.160,492.275,0.025,,0.021,,,,,,2.276,151.863,0.014,,5.954,496.381,0.013,,,2.390,151.977,0.013,,6.445,496.872,0.012,,,2.169,151.756,0.015,,6.185,496.612,0.012,,,1.721,151.308,0.018,,5.543,495.971,0.014,
7/9/2020,131,159.1315002,507.7600098,,,,,,,,,,,,,148.272,487.187,0.068,,0.041,,,150.867,494.017,0.052,,0.027,,,152.268,497.839,0.043,,0.020,,,153.082,500.154,0.038,,0.015,,,,,,2.398,154.666,0.028,,6.391,504.230,0.007,,,2.521,154.789,0.027,,6.880,504.719,0.006,,,2.476,154.744,0.028,,6.921,504.760,0.006,,,2.441,154.709,0.028,,6.945,504.783,0.006,
7/10/2020,132,160,548.7299805,,,,,,,,,,,,,151.530,493.359,0.053,,0.101,,,154.586,500.201,0.034,,0.088,,,156.386,503.792,0.023,,0.082,,,157.619,505.858,0.015,,0.078,,,,,,2.914,159.300,0.004,,6.260,510.051,0.070,,,3.240,159.626,0.002,,6.463,510.254,0.070,,,3.461,159.848,0.001,,6.340,510.132,0.070,,,3.699,160.085,0.001,,6.201,509.992,0.071,
7/13/2020,133,155.1999969,525.5,,,,,,,,,,,,,154.071,509.970,0.007,,0.030,,,157.022,522.039,0.012,,0.007,,,158.554,530.755,0.022,,0.010,,,159.405,538.012,0.027,,0.024,,,,,,2.690,161.245,0.039,,12.471,543.225,0.034,,,2.758,161.312,0.039,,15.688,546.442,0.040,,,2.686,161.240,0.039,,18.714,549.468,0.046,,,2.551,161.105,0.038,,21.772,552.527,0.051,
7/14/2020,134,154.1999969,524.8800049,,,,,,,,,,,,,154.410,514.629,0.001,,0.020,,,156.202,523.597,0.013,,0.002,,,156.542,527.602,0.015,,0.005,,,156.251,528.628,0.013,,0.007,,,,,,1.279,157.821,0.023,,7.784,535.385,0.020,,,0.611,157.153,0.019,,7.210,534.811,0.019,,,-0.133,156.408,0.014,,5.594,533.196,0.016,,,-0.872,155.670,0.010,,3.079,530.680,0.011,
7/15/2020,135,150.4434967,523.2600098,,,,,,,,,,,,,154.347,517.704,0.026,,0.011,,,155.301,524.174,0.032,,0.002,,,155.137,525.969,0.031,,0.005,,,154.713,525.817,0.028,,0.005,,,,,,0.474,155.611,0.034,,4.959,530.927,0.015,,,-0.296,154.840,0.029,,3.230,529.199,0.011,,,-0.896,154.240,0.025,,1.258,527.226,0.008,,,-1.272,153.865,0.023,,-0.455,525.514,0.004,
7/16/2020,136,149.9949951,527.3900146,,,,,,,,,,,,,153.176,519.371,0.021,,0.015,,,153.115,523.763,0.021,,0.007,,,152.321,524.344,0.016,,0.006,,,151.511,523.899,0.010,,0.007,,,,,,-0.513,151.808,0.012,,2.983,527.327,0.000,,,-1.430,150.891,0.006,,1.045,525.389,0.004,,,-2.048,150.273,0.002,,-0.472,523.871,0.007,,,-2.430,149.891,0.001,,-1.333,523.011,0.008,
7/17/2020,137,148.0984955,492.9899902,,,,,,,,,,,,,152.222,521.777,0.028,,0.058,,,151.711,525.395,0.024,,0.066,,,150.925,526.171,0.019,,0.067,,,150.374,526.517,0.015,,0.068,,,,,,-0.778,150.148,0.014,,2.637,528.808,0.073,,,-1.415,149.511,0.010,,1.398,527.569,0.070,,,-1.657,149.269,0.008,,0.908,527.079,0.069,,,-1.654,149.271,0.008,,1.038,527.209,0.069,
7/20/2020,138,159.8419952,502.4100037,,,,,,,,,,,,,150.985,513.141,0.055,,0.021,,,150.085,510.813,0.061,,0.017,,,149.229,506.263,0.066,,0.008,,,148.667,501.372,0.070,,0.002,,,,,,-1.053,148.176,0.073,,-4.127,502.136,0.001,,,-1.541,147.688,0.076,,-8.190,498.072,0.009,,,-1.680,147.549,0.077,,-11.582,494.680,0.015,,,-1.686,147.544,0.077,,-14.672,491.590,0.022,
7/21/2020,139,156.914505,490.1000061,,,,,,,,,,,,,153.642,509.922,0.021,,0.040,,,154.476,507.032,0.016,,0.035,,,155.597,503.951,0.008,,0.028,,,157.048,502.150,0.001,,0.025,,,,,,1.173,156.770,0.001,,-3.582,500.369,0.021,,,2.018,157.615,0.004,,-5.545,498.406,0.017,,,3.148,158.745,0.012,,-6.020,497.931,0.016,,,4.354,159.951,0.019,,-5.402,498.549,0.017,
7/22/2020,140,154.9954987,489.8200073,,,,,,,,,,,,,154.624,503.975,0.002,,0.029,,,155.573,499.412,0.004,,0.020,,,156.387,495.640,0.009,,0.012,,,156.948,493.113,0.013,,0.007,,,,,,1.058,157.446,0.016,,-5.001,490.640,0.002,,,1.466,157.853,0.018,,-6.789,488.851,0.002,,,1.734,158.121,0.020,,-7.394,488.246,0.003,,,1.682,158.069,0.020,,-7.583,488.057,0.004,
7/23/2020,141,149.3274994,477.5799866,,,,,,,,,,,,,154.735,499.729,0.036,,0.046,,,155.313,495.096,0.040,,0.037,,,155.552,492.148,0.042,,0.031,,,155.484,490.643,0.041,,0.027,,,,,,0.490,156.043,0.045,,-4.548,487.600,0.021,,,0.430,155.982,0.045,,-5.306,486.842,0.019,,,0.192,155.745,0.043,,-5.053,487.095,0.020,,,-0.206,155.346,0.040,,-4.515,487.633,0.021,
7/24/2020,142,150.4454956,480.4500122,,,,,,,,,,,,,153.113,493.084,0.018,,0.026,,,152.620,487.214,0.014,,0.014,,,151.817,483.407,0.009,,0.006,,,150.867,480.846,0.003,,0.001,,,,,,-0.777,151.040,0.004,,-5.806,477.601,0.006,,,-1.444,150.373,0.000,,-6.852,476.556,0.008,,,-2.164,149.653,0.005,,-7.266,476.141,0.009,,,-2.853,148.965,0.010,,-7.684,475.723,0.010,
7/27/2020,143,152.760498,495.6499939,,,,,,,,,,,,,152.313,489.294,0.003,,0.013,,,151.641,484.170,0.007,,0.023,,,150.994,481.633,0.012,,0.028,,,150.551,480.549,0.014,,0.030,,,,,,-0.791,150.203,0.017,,-4.597,477.036,0.038,,,-1.165,149.830,0.019,,-4.567,477.066,0.037,,,-1.359,149.635,0.020,,-3.971,477.662,0.036,,,-1.331,149.664,0.020,,-3.252,478.381,0.035,
7/28/2020,144,150.0164948,488.5100098,,,,,,,,,,,,,152.447,491.201,0.016,,0.006,,,152.145,489.336,0.014,,0.002,,,152.054,490.043,0.014,,0.003,,,152.208,491.875,0.015,,0.007,,,,,,-0.236,151.818,0.012,,-0.694,489.349,0.002,,,-0.164,151.890,0.012,,1.273,491.316,0.006,,,0.092,152.146,0.014,,3.458,493.501,0.010,,,0.462,152.516,0.017,,5.495,495.538,0.014,
7/29/2020,145,151.6764984,484.480011,,,,,,,,,,,,,151.718,490.393,0.000,,0.012,,,151.187,488.964,0.003,,0.009,,,150.831,489.123,0.006,,0.010,,,150.564,489.351,0.007,,0.010,,,,,,-0.532,150.300,0.009,,-0.762,488.361,0.008,,,-0.640,150.191,0.010,,0.286,489.409,0.010,,,-0.697,150.135,0.010,,0.831,489.954,0.011,,,-0.801,150.030,0.011,,0.684,489.807,0.011,
7/30/2020,146,152.5939941,485.7999878,,,,,,,,,,,,,151.705,488.619,0.006,,0.006,,,151.407,486.946,0.008,,0.002,,,151.338,486.337,0.008,,0.001,,,151.398,485.698,0.008,,0.000,,,,,,-0.220,151.118,0.010,,-1.369,484.968,0.002,,,-0.124,151.215,0.009,,-1.096,485.241,0.001,,,0.026,151.364,0.008,,-1.339,484.998,0.002,,,0.180,151.518,0.007,,-1.919,484.419,0.003,
7/31/2020,147,158.2339935,488.8800049,,,,,,,,,,,,,151.972,487.774,0.040,,0.002,,,151.941,486.431,0.040,,0.005,,,152.092,486.015,0.039,,0.006,,,152.295,485.774,0.038,,0.006,,,,,,0.072,152.164,0.038,,-1.055,484.960,0.008,,,0.271,152.363,0.037,,-0.748,485.267,0.007,,,0.462,152.554,0.036,,-0.729,485.286,0.007,,,0.610,152.702,0.035,,-0.721,485.293,0.007,
8/3/2020,148,155.5944977,498.6199951,,,,,,,,,,,,,153.851,488.106,0.011,,0.021,,,154.773,487.533,0.005,,0.022,,,155.777,487.734,0.001,,0.022,,,156.749,488.104,0.007,,0.021,,,,,,1.156,156.933,0.009,,-0.223,487.511,0.022,,,1.807,157.584,0.013,,0.362,488.096,0.021,,,2.396,158.173,0.017,,0.740,488.474,0.020,,,2.916,158.694,0.020,,1.109,488.843,0.020,
8/4/2020,149,156.9414978,509.6400146,,,,,,,,,,,,,154.374,491.260,0.016,,0.036,,,155.143,492.522,0.011,,0.034,,,155.668,494.266,0.008,,0.030,,,155.883,495.991,0.007,,0.027,,,,,,0.776,156.444,0.003,,1.803,496.069,0.027,,,0.945,156.612,0.002,,3.138,497.404,0.024,,,0.893,156.560,0.002,,4.215,498.480,0.022,,,0.647,156.314,0.004,,5.176,499.442,0.020,
8/5/2020,150,160.2514954,502.1099854,,,,,,,,,,,,,155.144,496.774,0.032,,0.011,,,155.952,500.225,0.027,,0.004,,,156.432,503.490,0.024,,0.003,,,156.677,506.228,0.022,,0.008,,,,,,0.773,157.205,0.019,,4.030,507.520,0.011,,,0.864,157.295,0.018,,5.877,509.367,0.014,,,0.816,157.248,0.019,,7.221,510.711,0.017,,,0.735,157.167,0.019,,8.212,511.703,0.019,
8/6/2020,151,161.25,509.0799866,,,,,,,,,,,,,156.676,498.375,0.028,,0.021,,,157.887,501.073,0.021,,0.016,,,158.724,502.662,0.016,,0.013,,,159.358,503.139,0.012,,0.012,,,,,,1.228,159.952,0.008,,2.572,505.235,0.008,,,1.506,160.230,0.006,,2.860,505.522,0.007,,,1.701,160.425,0.005,,2.391,505.053,0.008,,,1.903,160.626,0.004,,1.432,504.094,0.010,
8/7/2020,152,158.3730011,494.730011,,,,,,,,,,,,,158.048,501.586,0.002,,0.014,,,159.400,504.676,0.006,,0.020,,,160.239,506.513,0.012,,0.024,,,160.777,507.595,0.015,,0.026,,,,,,1.315,161.554,0.020,,2.956,509.469,0.030,,,1.511,161.750,0.021,,3.306,509.819,0.030,,,1.590,161.829,0.022,,3.267,509.780,0.030,,,1.612,161.852,0.022,,3.246,509.759,0.030,
8/10/2020,153,157.4080048,483.3800049,,,,,,,,,,,,,158.146,499.529,0.005,,0.033,,,158.938,500.200,0.010,,0.035,,,159.120,499.443,0.011,,0.033,,,158.974,497.946,0.010,,0.030,,,,,,0.584,159.704,0.015,,-0.052,499.391,0.033,,,0.327,159.446,0.013,,-1.363,498.080,0.030,,,-0.036,159.084,0.011,,-2.935,496.508,0.027,,,-0.437,158.683,0.008,,-4.491,494.952,0.024,
8/11/2020,154,154.033493,466.9299927,,,,,,,,,,,,,157.924,494.685,0.025,,0.059,,,158.250,492.631,0.027,,0.055,,,158.093,489.805,0.026,,0.049,,,157.800,487.022,0.024,,0.043,,,,,,0.101,158.194,0.027,,-2.928,486.878,0.043,,,-0.282,157.810,0.025,,-5.087,484.718,0.038,,,-0.631,157.462,0.022,,-6.957,482.849,0.034,,,-0.879,157.213,0.021,,-8.351,481.454,0.031,
8/12/2020,155,158.1119995,475.4700012,,,,,,,,,,,,,156.757,486.358,0.009,,0.023,,,156.352,481.066,0.011,,0.012,,,155.657,476.080,0.016,,0.001,,,154.975,471.953,0.020,,0.007,,,,,,-0.660,154.997,0.020,,-6.167,469.913,0.012,,,-1.251,154.406,0.023,,-8.974,467.106,0.018,,,-1.714,153.944,0.026,,-11.018,465.062,0.022,,,-2.046,153.611,0.028,,-12.382,463.698,0.025,
8/13/2020,156,158.0509949,481.3299866,,,,,,,,,,,,,157.164,483.092,0.006,,0.004,,,157.144,478.548,0.006,,0.006,,,157.130,475.714,0.006,,0.012,,,157.328,474.591,0.005,,0.014,,,,,,-0.020,157.110,0.006,,-4.427,471.287,0.021,,,-0.025,157.105,0.006,,-5.100,470.614,0.022,,,0.198,157.328,0.005,,-4.627,471.087,0.021,,,0.593,157.723,0.002,,-3.370,472.344,0.019,
8/14/2020,157,157.401001,482.6799927,,,,,,,,,,,,,157.430,482.563,0.000,,0.000,,,157.552,479.800,0.001,,0.006,,,157.683,479.084,0.002,,0.007,,,157.870,479.645,0.003,,0.006,,,,,,0.152,157.834,0.003,,-2.088,476.996,0.012,,,0.235,157.917,0.003,,-1.289,477.795,0.010,,,0.411,158.093,0.004,,0.171,479.255,0.007,,,0.563,158.245,0.005,,1.685,480.768,0.004,
8/17/2020,158,159.1204987,482.3500061,,,,,,,,,,,,,157.421,482.598,0.011,,0.001,,,157.484,481.096,0.010,,0.003,,,157.514,481.241,0.010,,0.002,,,157.518,481.921,0.010,,0.001,,,,,,0.055,157.569,0.010,,-0.814,480.427,0.004,,,0.053,157.567,0.010,,0.262,481.504,0.002,,,0.063,157.577,0.010,,1.363,482.605,0.001,,,0.014,157.528,0.010,,2.040,483.281,0.002,
8/18/2020,159,165.6244965,491.8699951,,,,,,,,,,,,,157.931,482.524,0.046,,0.019,,,158.221,481.660,0.045,,0.021,,,158.478,481.907,0.043,,0.020,,,158.720,482.243,0.042,,0.020,,,,,,0.328,158.806,0.041,,-0.370,481.536,0.021,,,0.463,158.941,0.040,,0.443,482.350,0.019,,,0.604,159.081,0.040,,0.944,482.851,0.018,,,0.727,159.204,0.039,,1.009,482.915,0.018,
8/19/2020,160,163.0240021,484.5299988,,,,,,,,,,,,,160.239,485.328,0.017,,0.002,,,161.552,486.255,0.009,,0.004,,,162.766,487.885,0.002,,0.007,,,163.898,489.463,0.005,,0.010,,,,,,1.516,164.282,0.008,,1.534,489.419,0.010,,,2.184,164.950,0.012,,2.934,490.819,0.013,,,2.814,165.580,0.016,,3.965,491.849,0.015,,,3.398,166.163,0.019,,4.736,492.620,0.017,
8/20/2020,161,164.8684998,497.8999939,,,,,,,,,,,,,161.075,485.088,0.023,,0.026,,,162.215,485.479,0.016,,0.025,,,162.921,485.872,0.012,,0.024,,,163.243,485.763,0.010,,0.024,,,,,,1.108,164.028,0.005,,0.470,486.342,0.023,,,1.271,164.192,0.004,,0.708,486.580,0.023,,,1.219,164.139,0.004,,0.378,486.250,0.023,,,0.966,163.886,0.006,,-0.326,485.546,0.025,
8/21/2020,162,164.2359924,492.3099976,,,,,,,,,,,,,162.213,488.932,0.012,,0.007,,,163.409,491.068,0.005,,0.003,,,164.089,493.089,0.001,,0.002,,,164.462,494.866,0.001,,0.005,,,,,,1.126,165.215,0.006,,2.494,495.583,0.007,,,1.225,165.314,0.007,,3.637,496.726,0.009,,,1.189,165.278,0.006,,4.481,497.570,0.011,,,1.118,165.207,0.006,,5.331,498.420,0.012,
8/24/2020,163,165.3730011,488.8099976,,,,,,,,,,,,,162.820,489.945,0.015,,0.002,,,163.781,491.627,0.010,,0.006,,,164.177,492.621,0.007,,0.008,,,164.292,492.949,0.007,,0.008,,,,,,0.815,164.992,0.002,,1.606,494.227,0.011,,,0.713,164.891,0.003,,1.790,494.412,0.011,,,0.528,164.706,0.004,,1.512,494.134,0.011,,,0.345,164.523,0.005,,0.982,493.604,0.010,
8/25/2020,164,167.3244934,490.5799866,,,,,,,,,,,,,163.586,489.605,0.022,,0.002,,,164.497,490.359,0.017,,0.000,,,164.895,490.335,0.015,,0.001,,,165.103,489.845,0.013,,0.001,,,,,,0.785,165.680,0.010,,0.438,490.773,0.000,,,0.715,165.610,0.010,,-0.045,490.290,0.001,,,0.642,165.536,0.011,,-0.767,489.567,0.002,,,0.624,165.519,0.011,,-1.470,488.865,0.003,
8/26/2020,165,172.0924988,547.5300293,,,,,,,,,,,,,164.707,489.897,0.043,,0.105,,,165.770,490.459,0.037,,0.104,,,166.353,490.482,0.033,,0.104,,,166.769,490.396,0.031,,0.104,,,,,,0.987,167.340,0.028,,0.351,490.833,0.104,,,1.049,167.402,0.027,,0.042,490.524,0.104,,,1.131,167.484,0.027,,-0.219,490.263,0.105,,,1.249,167.602,0.026,,-0.257,490.225,0.105,
8/27/2020,166,170,526.2700195,,,,,,,,,,,,,166.923,507.187,0.018,,0.036,,,168.615,516.141,0.008,,0.019,,,169.797,524.711,0.001,,0.003,,,170.762,533.247,0.004,,0.013,,,,,,1.724,171.521,0.009,,10.514,535.225,0.017,,,2.127,171.923,0.011,,15.426,540.137,0.026,,,2.519,172.315,0.014,,20.450,545.161,0.036,,,2.895,172.692,0.016,,25.607,550.318,0.046,
8/28/2020,167,170.0899963,523.8900146,,,,,,,,,,,,,167.846,512.912,0.013,,0.021,,,169.238,520.699,0.005,,0.006,,,169.919,525.646,0.001,,0.003,,,170.190,528.014,0.001,,0.008,,,,,,1.244,171.162,0.006,,7.641,533.287,0.018,,,1.225,171.143,0.006,,8.905,534.552,0.020,,,1.081,170.999,0.005,,8.741,534.388,0.020,,,0.815,170.734,0.004,,7.104,532.750,0.017,
8/31/2020,168,172.5480042,529.5599976,,,,,,,,,,,,,168.519,516.205,0.023,,0.025,,,169.622,522.135,0.017,,0.014,,,170.021,524.593,0.015,,0.009,,,170.115,524.921,0.014,,0.009,,,,,,0.901,170.923,0.009,,5.032,529.625,0.000,,,0.720,170.741,0.010,,4.424,529.016,0.001,,,0.494,170.515,0.012,,2.864,527.457,0.004,,,0.281,170.302,0.013,,0.986,525.578,0.008,
9/1/2020,169,174.9559937,556.5499878,,,,,,,,,,,,,169.728,520.212,0.030,,0.065,,,170.938,525.476,0.023,,0.056,,,171.537,527.573,0.020,,0.052,,,171.940,528.400,0.017,,0.051,,,,,,1.086,172.623,0.013,,4.417,531.990,0.044,,,1.078,172.615,0.013,,3.774,531.347,0.045,,,1.107,172.645,0.013,,2.934,530.507,0.047,,,1.207,172.745,0.013,,2.482,530.055,0.048,
9/2/2020,170,176.5724945,552.8400269,,,,,,,,,,,,,171.296,531.113,0.030,,0.039,,,172.746,539.459,0.022,,0.024,,,173.589,544.959,0.017,,0.014,,,174.202,549.513,0.013,,0.006,,,,,,1.375,174.964,0.009,,8.308,553.267,0.001,,,1.516,175.105,0.008,,9.900,554.859,0.004,,,1.674,175.262,0.007,,11.605,556.565,0.007,,,1.840,175.429,0.006,,13.660,558.619,0.010,
9/3/2020,171,168.3999939,525.75,,,,,,,,,,,,,172.879,537.631,0.027,,0.023,,,174.468,545.481,0.036,,0.038,,,175.379,549.688,0.041,,0.046,,,175.980,552.008,0.045,,0.050,,,,,,1.500,176.879,0.050,,7.234,556.922,0.059,,,1.639,177.018,0.051,,7.573,557.260,0.060,,,1.744,177.123,0.052,,7.479,557.167,0.060,,,1.803,177.182,0.052,,6.961,556.649,0.059,
9/4/2020,172,164.7310028,516.0499878,,,,,,,,,,,,,171.535,534.067,0.041,,0.035,,,171.737,536.602,0.043,,0.040,,,171.192,535.325,0.039,,0.037,,,170.295,532.315,0.034,,0.032,,,,,,-0.206,170.985,0.038,,0.755,536.080,0.039,,,-0.983,170.209,0.033,,-2.298,533.027,0.033,,,-1.815,169.377,0.028,,-5.626,529.699,0.026,,,-2.690,168.502,0.023,,-9.032,526.293,0.020,
9/8/2020,173,157.4920044,507.019989,,,,,,,,,,,,,169.494,528.662,0.076,,0.043,,,168.585,527.354,0.070,,0.040,,,167.315,523.760,0.062,,0.033,,,166.122,520.116,0.055,,0.026,,,,,,-1.307,166.008,0.054,,-2.941,520.819,0.027,,,-2.285,165.030,0.048,,-6.468,517.292,0.020,,,-3.052,164.263,0.043,,-9.189,514.571,0.015,,,-3.580,163.736,0.040,,-10.932,512.828,0.011,
9/9/2020,174,163.4304962,500.1900024,,,,,,,,,,,,,165.893,522.169,0.015,,0.044,,,163.593,518.203,0.001,,0.036,,,161.421,513.716,0.012,,0.027,,,159.650,510.294,0.023,,0.020,,,,,,-2.683,158.738,0.029,,-5.072,508.644,0.017,,,-3.909,157.512,0.036,,-8.077,505.639,0.011,,,-4.757,156.664,0.041,,-9.702,504.014,0.008,,,-5.315,156.106,0.045,,-10.266,503.450,0.007,
9/10/2020,175,158.7554932,480.6700134,,,,,,,,,,,,,165.155,515.575,0.040,,0.073,,,163.520,510.097,0.030,,0.061,,,162.627,505.600,0.024,,0.052,,,162.485,502.716,0.023,,0.046,,,,,,-1.517,161.110,0.015,,-5.985,499.615,0.039,,,-1.607,161.019,0.014,,-8.095,497.506,0.035,,,-1.180,161.447,0.017,,-8.750,496.850,0.034,,,-0.425,162.202,0.022,,-8.653,496.947,0.034,
9/11/2020,176,155.8110046,482.0299988,,,,,,,,,,,,,163.235,505.104,0.048,,0.048,,,161.376,496.855,0.036,,0.031,,,160.304,490.642,0.029,,0.018,,,159.688,486.182,0.025,,0.009,,,,,,-1.758,158.546,0.018,,-8.677,481.965,0.000,,,-1.929,158.375,0.016,,-11.183,479.459,0.005,,,-1.865,158.439,0.017,,-12.475,478.167,0.008,,,-1.848,158.456,0.017,,-13.382,477.260,0.010,
9/14/2020,177,155.1484985,476.2600098,,,,,,,,,,,,,161.008,498.182,0.038,,0.046,,,158.872,490.184,0.024,,0.029,,,157.608,485.475,0.016,,0.019,,,156.780,483.068,0.011,,0.014,,,,,,-2.040,155.569,0.003,,-7.624,477.851,0.003,,,-2.274,155.334,0.001,,-8.476,476.999,0.002,,,-2.364,155.245,0.001,,-8.090,477.384,0.002,,,-2.484,155.124,0.000,,-7.221,478.254,0.004,
9/15/2020,178,157.8065033,495.9899902,,,,,,,,,,,,,159.250,491.605,0.009,,0.009,,,157.196,483.918,0.004,,0.024,,,156.132,479.946,0.011,,0.032,,,155.556,477.962,0.014,,0.036,,,,,,-1.871,154.262,0.022,,-6.996,472.950,0.046,,,-1.915,154.217,0.023,,-7.150,472.796,0.047,,,-1.831,154.301,0.022,,-6.554,473.392,0.046,,,-1.728,154.405,0.022,,-5.952,473.994,0.044,
9/16/2020,179,153.9049988,483.8599854,,,,,,,,,,,,,158.817,492.921,0.032,,0.019,,,157.471,489.350,0.023,,0.011,,,157.137,489.572,0.021,,0.012,,,157.244,491.483,0.022,,0.016,,,,,,-1.008,156.129,0.014,,-2.009,487.563,0.008,,,-0.601,156.536,0.017,,0.399,489.972,0.013,,,-0.130,157.007,0.020,,3.154,492.727,0.018,,,0.321,157.458,0.023,,5.732,495.304,0.024,
9/17/2020,180,150.4364929,470.2000122,,,,,,,,,,,,,157.343,490.202,0.046,,0.043,,,155.866,486.880,0.036,,0.035,,,155.198,486.145,0.032,,0.034,,,154.740,485.766,0.029,,0.033,,,,,,-1.287,153.910,0.023,,-2.434,483.710,0.029,,,-1.203,153.994,0.024,,-1.323,484.822,0.031,,,-1.215,153.982,0.024,,-0.795,485.350,0.032,,,-1.374,153.824,0.023,,-1.138,485.007,0.031,
9/18/2020,181,147.7454987,469.9599915,,,,,,,,,,,,,155.271,484.202,0.051,,0.030,,,153.423,479.374,0.038,,0.020,,,152.341,476.578,0.031,,0.014,,,151.512,474.091,0.025,,0.009,,,,,,-1.758,150.583,0.019,,-4.574,472.004,0.004,,,-1.947,150.394,0.018,,-5.033,471.545,0.003,,,-2.200,150.141,0.016,,-6.058,470.520,0.001,,,-2.486,149.855,0.014,,-7.460,469.118,0.002,
9/21/2020,182,148.0234985,487.3500061,,,,,,,,,,,,,153.014,479.929,0.034,,0.015,,,150.868,475.138,0.019,,0.025,,,149.584,472.607,0.011,,0.030,,,148.687,470.993,0.004,,0.034,,,,,,-2.058,147.526,0.003,,-4.393,468.214,0.039,,,-2.312,147.272,0.005,,-4.555,468.052,0.040,,,-2.534,147.049,0.007,,-4.806,467.801,0.040,,,-2.689,146.894,0.008,,-4.843,467.764,0.040,
9/22/2020,183,156.4494934,491.1700134,,,,,,,,,,,,,151.517,482.155,0.032,,0.018,,,149.588,480.633,0.044,,0.021,,,148.648,481.453,0.050,,0.020,,,148.189,483.261,0.053,,0.016,,,,,,-1.721,146.926,0.061,,-0.422,481.031,0.021,,,-1.693,146.955,0.061,,1.475,482.928,0.017,,,-1.575,147.072,0.060,,3.385,484.838,0.013,,,-1.374,147.273,0.059,,5.424,486.876,0.009,
9/23/2020,184,149.9929962,470.6099854,,,,,,,,,,,,,152.996,484.860,0.020,,0.030,,,152.676,485.375,0.018,,0.031,,,153.329,487.283,0.022,,0.035,,,154.384,489.193,0.029,,0.039,,,,,,0.199,153.528,0.024,,1.454,488.737,0.039,,,1.176,154.504,0.030,,3.435,490.718,0.043,,,2.179,155.507,0.037,,4.852,492.135,0.046,,,3.167,156.496,0.043,,5.729,493.012,0.048,
9/24/2020,185,150.989502,473.0799866,,,,,,,,,,,,,152.095,480.585,0.007,,0.016,,,151.468,478.731,0.003,,0.012,,,151.327,477.279,0.002,,0.009,,,151.091,475.256,0.001,,0.005,,,,,,-0.461,150.866,0.001,,-1.983,475.296,0.005,,,-0.254,151.073,0.001,,-2.612,474.667,0.003,,,-0.329,150.998,0.000,,-4.061,473.218,0.000,,,-0.709,150.618,0.002,,-6.071,471.208,0.004,
9/25/2020,186,154.7565002,482.8800049,,,,,,,,,,,,,151.764,478.333,0.019,,0.009,,,151.253,476.188,0.023,,0.014,,,151.125,474.760,0.023,,0.017,,,151.015,473.624,0.024,,0.019,,,,,,-0.383,150.741,0.026,,-2.144,472.615,0.021,,,-0.231,150.894,0.025,,-2.571,472.189,0.022,,,-0.253,150.871,0.025,,-3.136,471.623,0.023,,,-0.329,150.795,0.026,,-3.407,471.352,0.024,
9/28/2020,187,158.7024994,490.6499939,,,,,,,,,,,,,152.661,479.697,0.038,,0.022,,,152.830,479.199,0.037,,0.023,,,153.304,479.632,0.034,,0.022,,,153.821,480.566,0.031,,0.021,,,,,,0.385,153.689,0.032,,-0.039,479.593,0.023,,,0.854,154.157,0.029,,0.779,480.411,0.021,,,1.206,154.510,0.026,,1.669,481.301,0.019,,,1.552,154.856,0.024,,2.802,482.434,0.017,
9/29/2020,188,157.2440033,493.480011,,,,,,,,,,,,,154.474,482.983,0.018,,0.021,,,155.472,484.352,0.011,,0.018,,,156.543,486.243,0.004,,0.015,,,157.482,488.129,0.002,,0.011,,,,,,1.242,157.785,0.003,,1.956,488.198,0.011,,,1.927,158.470,0.008,,3.403,489.646,0.008,,,2.426,158.969,0.011,,4.634,490.877,0.005,,,2.817,159.360,0.013,,5.659,491.901,0.003,
9/30/2020,189,157.4364929,500.0299988,,,,,,,,,,,,,155.305,486.132,0.014,,0.028,,,156.270,488.460,0.007,,0.023,,,156.964,490.585,0.003,,0.019,,,157.304,492.142,0.001,,0.016,,,,,,0.995,157.959,0.003,,2.672,493.257,0.014,,,1.249,158.213,0.005,,3.826,494.411,0.011,,,1.223,158.186,0.005,,4.459,495.044,0.010,,,1.020,157.983,0.003,,4.671,495.257,0.010,
10/1/2020,190,161.0630035,527.5100098,,,,,,,,,,,,,155.944,490.302,0.032,,0.071,,,156.795,493.666,0.027,,0.064,,,157.247,496.252,0.024,,0.059,,,157.403,498.058,0.023,,0.056,,,,,,0.782,158.029,0.019,,3.570,499.822,0.052,,,0.815,158.062,0.019,,4.654,500.906,0.050,,,0.659,157.907,0.020,,5.184,501.436,0.049,,,0.468,157.715,0.021,,5.418,501.670,0.049,
10/2/2020,191,156.25,503.0599976,,,,,,,,,,,,,157.480,501.464,0.008,,0.003,,,158.715,508.896,0.016,,0.012,,,159.537,515.007,0.021,,0.024,,,160.148,520.147,0.025,,0.034,,,,,,1.234,160.771,0.029,,8.126,523.132,0.040,,,1.478,161.015,0.030,,11.000,526.006,0.046,,,1.637,161.174,0.032,,13.326,528.333,0.050,,,1.834,161.371,0.033,,15.421,530.427,0.054,
10/5/2020,192,159.9600067,520.6500244,,,,,,,,,,,,,157.111,501.943,0.018,,0.036,,,157.606,506.270,0.015,,0.028,,,157.565,507.839,0.015,,0.025,,,157.225,507.332,0.017,,0.026,,,,,,0.272,157.837,0.013,,3.538,511.376,0.018,,,-0.074,157.490,0.015,,2.824,510.663,0.019,,,-0.528,157.036,0.018,,1.030,508.868,0.023,,,-1.021,156.544,0.021,,-1.521,506.318,0.028,
10/6/2020,193,154.9980011,505.8699951,,,,,,,,,,,,,157.966,507.555,0.019,,0.003,,,158.665,512.741,0.024,,0.014,,,159.002,515.526,0.026,,0.019,,,159.276,517.320,0.028,,0.023,,,,,,0.622,159.624,0.030,,4.782,520.308,0.029,,,0.606,159.608,0.030,,5.012,520.538,0.029,,,0.651,159.653,0.030,,5.024,520.549,0.029,,,0.823,159.825,0.031,,5.385,520.910,0.030,
10/7/2020,194,159.7845001,534.6599731,,,,,,,,,,,,,157.075,507.050,0.017,,0.052,,,157.015,509.649,0.017,,0.047,,,156.600,509.732,0.020,,0.047,,,156.068,508.733,0.023,,0.048,,,,,,-0.285,156.314,0.022,,1.610,511.342,0.044,,,-0.748,155.852,0.025,,0.150,509.882,0.046,,,-1.181,155.419,0.027,,-1.466,508.266,0.049,,,-1.596,155.003,0.030,,-2.999,506.733,0.052,
10/8/2020,195,159.5274963,531.789978,,,,,,,,,,,,,157.888,515.333,0.010,,0.031,,,158.261,520.904,0.008,,0.020,,,158.511,524.689,0.006,,0.013,,,158.855,528.178,0.004,,0.007,,,,,,0.373,158.884,0.004,,5.614,530.303,0.003,,,0.449,158.959,0.004,,6.813,531.502,0.001,,,0.674,159.185,0.002,,8.387,533.076,0.002,,,1.034,159.545,0.000,,10.468,535.157,0.006,
10/9/2020,196,164.3325043,539.4400024,,,,,,,,,,,,,158.380,520.270,0.036,,0.036,,,158.831,525.803,0.033,,0.025,,,159.121,528.950,0.032,,0.019,,,159.359,530.887,0.030,,0.016,,,,,,0.444,159.565,0.029,,5.208,534.157,0.010,,,0.521,159.642,0.029,,5.664,534.614,0.009,,,0.636,159.756,0.028,,5.911,534.861,0.008,,,0.716,159.837,0.027,,5.812,534.762,0.009,
10/12/2020,197,172.1464996,539.8099976,,,,,,,,,,,,,160.166,526.021,0.070,,0.026,,,161.307,531.939,0.063,,0.015,,,162.248,535.244,0.058,,0.008,,,163.089,537.302,0.053,,0.005,,,,,,1.249,163.497,0.050,,5.534,540.778,0.002,,,1.694,163.942,0.048,,5.948,541.192,0.003,,,2.131,164.378,0.045,,6.141,541.385,0.003,,,2.524,164.772,0.043,,6.174,541.418,0.003,
10/13/2020,198,172.1815033,554.0900269,,,,,,,,,,,,,163.760,530.158,0.049,,0.043,,,166.185,535.481,0.035,,0.034,,,168.187,537.984,0.023,,0.029,,,169.882,539.183,0.013,,0.027,,,,,,2.656,170.843,0.008,,4.696,542.679,0.021,,,3.604,171.791,0.002,,4.504,542.488,0.021,,,4.416,172.603,0.002,,4.100,542.084,0.022,,,5.086,173.273,0.006,,3.598,541.582,0.023,
10/14/2020,199,168.1855011,541.4500122,,,,,,,,,,,,,166.286,537.337,0.011,,0.008,,,168.883,543.855,0.004,,0.004,,,170.584,547.647,0.014,,0.011,,,171.607,550.363,0.020,,0.016,,,,,,2.578,173.162,0.030,,6.186,553.833,0.023,,,3.061,173.645,0.032,,6.826,554.473,0.024,,,3.204,173.788,0.033,,7.438,555.086,0.025,,,3.069,173.653,0.033,,8.147,555.795,0.026,
10/15/2020,200,166.9324951,541.9400024,,,,,,,,,,,,,166.856,538.571,0.000,,0.006,,,168.569,542.773,0.010,,0.002,,,169.145,543.929,0.013,,0.004,,,169.041,543.678,0.013,,0.003,,,,,,1.373,170.518,0.021,,3.215,547.144,0.010,,,1.036,170.181,0.019,,2.081,546.010,0.008,,,0.418,169.563,0.016,,0.744,544.673,0.005,,,-0.312,168.833,0.011,,-0.752,543.177,0.002,
10/16/2020,201,163.635498,530.789978,,,,,,,,,,,,,166.879,539.582,0.020,,0.017,,,167.833,542.398,0.026,,0.022,,,167.817,542.736,0.026,,0.023,,,167.460,542.375,0.023,,0.022,,,,,,0.563,168.380,0.029,,1.892,544.628,0.026,,,-0.028,167.790,0.025,,0.608,543.343,0.024,,,-0.629,167.188,0.022,,-0.418,542.317,0.022,,,-1.074,166.744,0.019,,-1.083,541.653,0.020,
10/19/2020,202,160.3605042,530.7199707,,,,,,,,,,,,,165.906,536.944,0.035,,0.012,,,165.944,537.174,0.035,,0.012,,,165.308,535.568,0.031,,0.009,,,164.592,533.686,0.026,,0.006,,,,,,-0.359,164.950,0.029,,-0.826,534.743,0.008,,,-1.144,164.164,0.024,,-2.891,532.677,0.004,,,-1.757,163.551,0.020,,-4.468,531.100,0.001,,,-2.150,163.158,0.017,,-5.646,529.922,0.002,
10/20/2020,203,160.8504944,525.4199829,,,,,,,,,,,,,164.242,535.077,0.021,,0.018,,,163.431,534.270,0.016,,0.017,,,162.340,532.659,0.009,,0.014,,,161.418,531.462,0.004,,0.011,,,,,,-1.142,161.198,0.002,,-1.451,531.209,0.011,,,-1.965,160.374,0.003,,-2.899,529.760,0.008,,,-2.484,159.856,0.006,,-3.532,529.127,0.007,,,-2.764,159.576,0.008,,-3.593,529.066,0.007,
10/21/2020,204,159.246994,489.0499878,,,,,,,,,,,,,163.225,532.180,0.025,,0.088,,,162.270,530.287,0.019,,0.084,,,161.446,528.316,0.014,,0.080,,,160.992,526.930,0.011,,0.077,,,,,,-1.067,160.379,0.007,,-2.319,525.997,0.076,,,-1.483,159.963,0.004,,-3.549,524.767,0.073,,,-1.530,159.916,0.004,,-4.019,524.297,0.072,,,-1.361,160.085,0.005,,-4.156,524.160,0.072,
10/22/2020,205,158.8200073,485.230011,,,,,,,,,,,,,162.031,519.241,0.020,,0.070,,,160.910,511.731,0.013,,0.055,,,160.127,504.756,0.008,,0.040,,,159.683,498.520,0.005,,0.027,,,,,,-1.143,158.984,0.001,,-8.691,496.065,0.022,,,-1.409,158.717,0.001,,-12.554,492.202,0.014,,,-1.404,158.723,0.001,,-15.743,489.013,0.008,,,-1.330,158.797,0.000,,-18.709,486.048,0.002,
10/23/2020,206,160.2200012,488.2799988,,,,,,,,,,,,,161.068,509.038,0.005,,0.043,,,159.969,499.805,0.002,,0.024,,,159.343,493.041,0.005,,0.010,,,159.036,488.553,0.007,,0.001,,,,,,-1.035,158.307,0.012,,-9.598,483.442,0.010,,,-1.128,158.215,0.013,,-12.177,480.864,0.015,,,-1.032,158.311,0.012,,-13.327,479.714,0.018,,,-0.920,158.422,0.011,,-13.464,479.577,0.018,
10/26/2020,207,160.352005,488.2399902,,,,,,,,,,,,,160.814,502.810,0.003,,0.030,,,160.082,494.619,0.002,,0.013,,,159.869,490.184,0.003,,0.004,,,159.924,488.348,0.003,,0.000,,,,,,-0.567,159.302,0.007,,-7.576,482.609,0.012,,,-0.383,159.486,0.005,,-7.983,482.202,0.012,,,-0.097,159.772,0.004,,-7.044,483.140,0.010,,,0.165,160.034,0.002,,-5.508,484.676,0.007,
10/27/2020,208,164.3164978,488.9299927,,,,,,,,,,,,,160.675,498.439,0.022,,0.019,,,160.204,491.748,0.025,,0.006,,,160.159,489.018,0.025,,0.000,,,160.245,488.267,0.025,,0.001,,,,,,-0.310,159.849,0.027,,-5.653,483.365,0.011,,,-0.081,160.078,0.026,,-4.915,484.102,0.010,,,0.135,160.294,0.024,,-3.518,485.500,0.007,,,0.258,160.417,0.024,,-2.252,486.766,0.004,
10/28/2020,209,158.1390076,486.2399902,,,,,,,,,,,,,161.768,495.586,0.023,,0.019,,,162.054,490.480,0.025,,0.009,,,162.653,488.965,0.029,,0.006,,,163.299,488.764,0.033,,0.005,,,,,,0.532,163.185,0.032,,-3.973,484.992,0.003,,,1.078,163.732,0.035,,-2.727,486.238,0.000,,,1.551,164.204,0.038,,-1.439,487.526,0.003,,,1.936,164.589,0.041,,-0.602,488.363,0.004,
10/29/2020,210,160.5505066,504.2099915,,,,,,,,,,,,,160.679,492.783,0.001,,0.023,,,160.292,488.572,0.002,,0.031,,,159.945,487.330,0.004,,0.033,,,159.429,486.871,0.007,,0.034,,,,,,-0.441,159.504,0.007,,-3.272,484.059,0.040,,,-0.626,159.319,0.008,,-2.236,485.094,0.038,,,-1.005,158.940,0.010,,-1.556,485.774,0.037,,,-1.548,158.397,0.013,,-1.377,485.953,0.036,
10/30/2020,211,151.8074951,475.7399902,,,,,,,,,,,,,160.640,496.211,0.058,,0.043,,,160.409,495.609,0.057,,0.042,,,160.308,497.458,0.056,,0.046,,,160.270,499.875,0.056,,0.051,,,,,,-0.199,160.109,0.055,,0.748,498.206,0.047,,,-0.181,160.128,0.055,,3.328,500.786,0.053,,,-0.184,160.124,0.055,,5.454,502.912,0.057,,,-0.114,160.194,0.055,,7.252,504.710,0.061,
11/2/2020,212,150.223999,484.1199951,,,,,,,,,,,,,157.991,490.070,0.052,,0.012,,,156.538,486.668,0.042,,0.005,,,155.208,484.427,0.033,,0.001,,,153.923,481.774,0.025,,0.005,,,,,,-1.670,153.538,0.022,,-3.385,481.042,0.006,,,-2.395,152.813,0.017,,-4.033,480.394,0.008,,,-3.134,152.074,0.012,,-5.637,478.790,0.011,,,-3.854,151.354,0.008,,-7.960,476.467,0.016,
11/3/2020,213,152.4205017,487.2200012,,,,,,,,,,,,,155.661,488.285,0.021,,0.002,,,153.697,485.521,0.008,,0.003,,,152.218,484.243,0.001,,0.006,,,151.149,483.533,0.008,,0.008,,,,,,-2.066,150.152,0.015,,-2.425,481.818,0.011,,,-2.663,149.555,0.019,,-2.301,481.942,0.011,,,-3.048,149.170,0.021,,-2.365,481.878,0.011,,,-3.206,149.011,0.022,,-2.128,482.115,0.010,
11/4/2020,214,162.0579987,496.9500122,,,,,,,,,,,,,154.689,487.965,0.045,,0.018,,,153.122,486.286,0.055,,0.021,,,152.339,486.029,0.060,,0.022,,,152.103,486.298,0.061,,0.021,,,,,,-1.410,150.930,0.069,,-1.162,484.867,0.024,,,-1.410,150.930,0.069,,-0.462,485.567,0.023,,,-1.146,151.193,0.067,,0.126,486.155,0.022,,,-0.710,151.629,0.064,,0.808,486.837,0.020,
11/5/2020,215,166.1000061,513.7600098,,,,,,,,,,,,,156.899,490.661,0.055,,0.045,,,157.143,491.085,0.054,,0.044,,,158.171,492.582,0.048,,0.041,,,159.569,494.287,0.039,,0.038,,,,,,0.763,158.933,0.043,,1.153,493.734,0.039,,,1.849,160.019,0.037,,2.695,495.276,0.036,,,3.040,161.211,0.029,,3.982,496.563,0.033,,,4.196,162.366,0.022,,5.116,497.698,0.031,
11/6/2020,216,165.5684967,514.7299805,,,,,,,,,,,,,159.660,497.590,0.036,,0.033,,,161.174,501.289,0.027,,0.026,,,162.928,505.289,0.016,,0.018,,,164.467,508.892,0.007,,0.011,,,,,,1.961,164.889,0.004,,4.619,509.908,0.009,,,3.158,166.086,0.003,,7.200,512.489,0.004,,,4.071,166.999,0.009,,9.217,514.506,0.000,,,4.617,167.545,0.012,,10.809,516.098,0.003,
11/9/2020,217,157.1869965,470.5,,,,,,,,,,,,,161.432,502.732,0.027,,0.069,,,163.151,507.337,0.038,,0.078,,,164.512,510.953,0.047,,0.086,,,165.293,513.270,0.052,,0.091,,,,,,1.848,166.360,0.058,,4.933,515.886,0.096,,,2.450,166.962,0.062,,6.509,517.463,0.100,,,2.579,167.091,0.063,,7.086,518.039,0.101,,,2.342,166.855,0.062,,6.951,517.904,0.101,
11/10/2020,218,151.7510071,480.2399902,,,,,,,,,,,,,160.159,493.063,0.055,,0.027,,,160.467,490.760,0.057,,0.022,,,160.117,486.681,0.055,,0.013,,,159.214,481.193,0.049,,0.002,,,,,,-0.025,160.092,0.055,,-3.829,482.853,0.005,,,-0.631,159.487,0.051,,-7.342,479.339,0.002,,,-1.606,158.512,0.045,,-11.729,474.952,0.011,,,-2.711,157.406,0.037,,-16.466,470.215,0.021,
11/11/2020,219,156.8695068,490.7600098,,,,,,,,,,,,,157.636,489.216,0.005,,0.003,,,156.545,486.026,0.002,,0.010,,,155.097,482.817,0.011,,0.016,,,153.617,480.478,0.021,,0.021,,,,,,-1.523,153.574,0.021,,-3.840,478.977,0.024,,,-2.606,152.492,0.028,,-5.777,477.039,0.028,,,-3.654,151.443,0.035,,-7.010,475.806,0.030,,,-4.442,150.655,0.040,,-7.015,475.801,0.030,
11/12/2020,220,155.5140076,486.769989,,,,,,,,,,,,,157.406,489.679,0.012,,0.006,,,156.691,488.156,0.008,,0.003,,,156.161,487.583,0.004,,0.002,,,156.056,488.190,0.003,,0.003,,,,,,-0.747,155.413,0.001,,-1.258,486.325,0.001,,,-0.955,155.206,0.002,,-1.033,486.550,0.000,,,-0.824,155.337,0.001,,0.055,487.638,0.002,,,-0.313,155.847,0.002,,1.821,489.403,0.005,
11/13/2020,221,156.440506,482.8399963,,,,,,,,,,,,,156.839,488.806,0.003,,0.012,,,156.161,487.533,0.002,,0.010,,,155.773,487.095,0.004,,0.009,,,155.650,487.125,0.005,,0.009,,,,,,-0.640,155.133,0.008,,-1.027,486.068,0.007,,,-0.700,155.073,0.009,,-0.787,486.308,0.007,,,-0.562,155.210,0.008,,-0.270,486.825,0.008,,,-0.369,155.403,0.007,,0.090,487.185,0.009,
11/16/2020,222,156.5529938,479.1000061,,,,,,,,,,,,,156.719,487.016,0.001,,0.017,,,156.287,485.421,0.002,,0.013,,,156.173,484.542,0.002,,0.011,,,156.243,483.911,0.002,,0.010,,,,,,-0.327,155.846,0.005,,-1.485,483.057,0.008,,,-0.205,155.969,0.004,,-1.582,482.960,0.008,,,0.016,156.189,0.002,,-1.640,482.902,0.008,,,0.208,156.382,0.001,,-1.892,482.650,0.007,
11/17/2020,223,156.7830048,480.6300049,,,,,,,,,,,,,156.669,484.642,0.001,,0.008,,,156.407,482.576,0.002,,0.004,,,156.401,481.277,0.002,,0.001,,,156.475,480.303,0.002,,0.001,,,,,,-0.161,156.240,0.003,,-2.019,479.258,0.003,,,-0.010,156.391,0.002,,-2.339,478.937,0.004,,,0.143,156.544,0.002,,-2.615,478.662,0.004,,,0.223,156.624,0.001,,-2.922,478.355,0.005,
11/18/2020,224,155.272995,481.7900085,,,,,,,,,,,,,156.703,483.438,0.009,,0.003,,,156.576,481.701,0.008,,0.000,,,156.630,480.889,0.009,,0.002,,,156.706,480.548,0.009,,0.003,,,,,,-0.044,156.586,0.008,,-1.530,479.359,0.005,,,0.098,156.728,0.009,,-1.461,479.427,0.005,,,0.195,156.825,0.010,,-1.279,479.610,0.005,,,0.228,156.858,0.010,,-1.022,479.867,0.004,
11/19/2020,225,155.8509979,484.6700134,,,,,,,,,,,,,156.274,482.944,0.003,,0.004,,,155.990,481.741,0.001,,0.006,,,155.816,481.429,0.000,,0.007,,,155.631,481.480,0.001,,0.007,,,,,,-0.275,155.541,0.002,,-0.908,480.521,0.009,,,-0.313,155.503,0.002,,-0.560,480.869,0.008,,,-0.411,155.405,0.003,,-0.187,481.242,0.007,,,-0.554,155.262,0.004,,0.150,481.580,0.006,
11/20/2020,226,154.9700012,488.2399902,,,,,,,,,,,,,156.147,483.462,0.008,,0.010,,,155.927,483.059,0.006,,0.011,,,155.837,483.374,0.006,,0.010,,,155.796,483.872,0.005,,0.009,,,,,,-0.186,155.651,0.004,,-0.053,483.321,0.010,,,-0.163,155.674,0.005,,0.567,483.941,0.009,,,-0.152,155.685,0.005,,1.092,484.466,0.008,,,-0.123,155.714,0.005,,1.496,484.870,0.007,
11/23/2020,227,154.9194946,476.6199951,,,,,,,,,,,,,155.794,484.895,0.006,,0.017,,,155.496,485.390,0.004,,0.018,,,155.317,486.294,0.003,,0.020,,,155.177,487.148,0.002,,0.022,,,,,,-0.286,155.030,0.001,,0.839,487.133,0.022,,,-0.323,154.993,0.000,,1.626,487.919,0.024,,,-0.373,154.944,0.000,,2.189,488.482,0.025,,,-0.421,154.896,0.000,,2.564,488.857,0.026,
11/24/2020,228,155.9029999,482.8800049,,,,,,,,,,,,,155.532,482.413,0.002,,0.001,,,155.237,481.444,0.004,,0.003,,,155.078,480.489,0.005,,0.005,,,154.984,479.252,0.006,,0.008,,,,,,-0.272,154.806,0.007,,-1.154,479.336,0.007,,,-0.285,154.793,0.007,,-1.718,478.772,0.009,,,-0.292,154.786,0.007,,-2.607,477.882,0.010,,,-0.284,154.794,0.007,,-3.712,476.777,0.013,
11/25/2020,229,159.2534943,485,,,,,,,,,,,,,155.643,482.553,0.023,,0.005,,,155.537,482.090,0.023,,0.006,,,155.573,481.924,0.023,,0.006,,,155.673,481.973,0.022,,0.006,,,,,,-0.042,155.531,0.023,,-0.377,481.546,0.007,,,0.066,155.639,0.023,,-0.299,481.624,0.007,,,0.180,155.753,0.022,,-0.182,481.742,0.007,,,0.300,155.873,0.021,,0.148,482.071,0.006,
11/27/2020,230,159.7669983,491.3599854,,,,,,,,,,,,,156.726,483.287,0.019,,0.016,,,157.209,483.400,0.016,,0.016,,,157.781,483.770,0.012,,0.015,,,158.358,484.243,0.009,,0.014,,,,,,0.633,158.414,0.008,,0.290,484.059,0.015,,,1.030,158.811,0.006,,0.666,484.435,0.014,,,1.397,159.178,0.004,,1.035,484.804,0.013,,,1.731,159.513,0.002,,1.421,485.191,0.013,
11/30/2020,231,158.4019928,490.7000122,,,,,,,,,,,,,157.638,485.709,0.005,,0.010,,,158.360,486.982,0.000,,0.008,,,158.973,488.324,0.004,,0.005,,,159.415,489.581,0.006,,0.002,,,,,,0.801,159.773,0.009,,1.569,489.893,0.002,,,1.103,160.075,0.011,,2.416,490.739,0.000,,,1.274,160.246,0.012,,3.146,491.470,0.002,,,1.326,160.299,0.012,,3.771,492.095,0.003,
12/1/2020,232,161.0039978,504.5799866,,,,,,,,,,,,,157.868,487.206,0.019,,0.034,,,158.379,488.655,0.016,,0.032,,,158.630,489.750,0.015,,0.029,,,158.655,490.420,0.015,,0.028,,,,,,0.458,159.088,0.012,,1.526,491.276,0.026,,,0.452,159.083,0.012,,1.970,491.720,0.025,,,0.304,158.934,0.013,,2.114,491.864,0.025,,,0.075,158.705,0.014,,2.012,491.762,0.025,
12/2/2020,233,160.1764984,503.3800049,,,,,,,,,,,,,158.808,492.418,0.009,,0.022,,,159.560,495.821,0.004,,0.015,,,160.055,498.648,0.001,,0.009,,,160.417,501.040,0.002,,0.005,,,,,,0.748,160.802,0.004,,3.738,502.385,0.002,,,0.890,160.944,0.005,,5.088,503.736,0.001,,,0.976,161.031,0.005,,6.185,504.832,0.003,,,1.087,161.141,0.006,,7.177,505.825,0.005,
12/3/2020,234,159.3365021,497.519989,,,,,,,,,,,,,159.219,495.707,0.001,,0.004,,,159.838,499.223,0.003,,0.003,,,160.128,501.487,0.005,,0.008,,,160.237,502.795,0.006,,0.011,,,,,,0.545,160.673,0.008,,3.468,504.955,0.015,,,0.522,160.650,0.008,,4.076,505.563,0.016,,,0.434,160.562,0.008,,4.177,505.665,0.016,,,0.327,160.454,0.007,,3.924,505.411,0.016,
12/4/2020,235,158.1289978,498.3099976,,,,,,,,,,,,,159.254,496.251,0.007,,0.004,,,159.612,498.456,0.009,,0.000,,,159.653,499.107,0.010,,0.002,,,159.562,498.839,0.009,,0.001,,,,,,0.239,159.892,0.011,,1.714,500.820,0.005,,,0.074,159.727,0.010,,1.171,500.278,0.004,,,-0.111,159.542,0.009,,0.243,499.350,0.002,,,-0.274,159.379,0.008,,-0.804,498.303,0.000,
12/7/2020,236,157.8999939,515.7800293,,,,,,,,,,,,,158.917,496.869,0.006,,0.037,,,158.945,498.391,0.007,,0.034,,,158.739,498.629,0.005,,0.033,,,158.487,498.442,0.004,,0.034,,,,,,-0.107,158.632,0.005,,1.056,499.685,0.031,,,-0.371,158.368,0.003,,0.429,499.057,0.032,,,-0.593,158.146,0.002,,-0.190,498.439,0.034,,,-0.754,157.984,0.001,,-0.560,498.069,0.034,
12/8/2020,237,158.864502,512.6599731,,,,,,,,,,,,,158.612,502.542,0.002,,0.020,,,158.475,506.216,0.002,,0.013,,,158.235,508.920,0.004,,0.007,,,158.047,511.446,0.005,,0.002,,,,,,-0.226,158.010,0.005,,3.827,512.746,0.000,,,-0.430,157.805,0.007,,4.867,513.786,0.002,,,-0.539,157.696,0.007,,6.099,515.018,0.005,,,-0.566,157.669,0.008,,7.578,516.498,0.007,
12/9/2020,238,155.2100067,493.6000061,,,,,,,,,,,,,158.687,505.577,0.022,,0.024,,,158.650,509.116,0.022,,0.031,,,158.613,511.164,0.022,,0.036,,,158.660,512.356,0.022,,0.038,,,,,,-0.045,158.568,0.022,,3.352,514.516,0.042,,,-0.067,158.546,0.021,,3.687,514.850,0.043,,,0.011,158.624,0.022,,3.786,514.950,0.043,,,0.142,158.754,0.023,,3.578,514.742,0.043,
12/10/2020,239,155.0744934,501.0899963,,,,,,,,,,,,,157.644,501.984,0.017,,0.002,,,157.102,502.134,0.013,,0.002,,,156.571,500.626,0.010,,0.001,,,156.073,498.289,0.006,,0.006,,,,,,-0.644,155.927,0.005,,-0.815,499.810,0.003,,,-0.956,155.616,0.003,,-2.715,497.911,0.006,,,-1.221,155.350,0.002,,-4.809,495.817,0.011,,,-1.496,155.075,0.000,,-7.009,493.616,0.015,
12/11/2020,240,155.8209991,503.2200012,,,,,,,,,,,,,156.873,501.716,0.007,,0.003,,,156.190,501.664,0.002,,0.003,,,155.673,500.904,0.001,,0.005,,,155.324,500.390,0.003,,0.006,,,,,,-0.720,154.953,0.006,,-0.487,500.417,0.006,,,-0.930,154.743,0.007,,-1.368,499.537,0.007,,,-1.027,154.646,0.008,,-1.756,499.148,0.008,,,-1.047,154.626,0.008,,-1.543,499.361,0.008,
12/14/2020,241,157.8484955,522.4199829,,,,,,,,,,,,,156.558,502.167,0.008,,0.039,,,156.024,502.364,0.012,,0.038,,,155.762,502.294,0.013,,0.039,,,155.697,502.512,0.014,,0.038,,,,,,-0.477,155.284,0.016,,0.076,502.370,0.038,,,-0.471,155.290,0.016,,-0.127,502.167,0.039,,,-0.358,155.404,0.015,,0.131,502.425,0.038,,,-0.195,155.567,0.014,,0.656,502.950,0.037,
12/15/2020,242,158.2559967,519.7800293,,,,,,,,,,,,,156.945,508.243,0.008,,0.022,,,156.845,511.389,0.009,,0.016,,,157.014,514.369,0.008,,0.010,,,157.311,517.443,0.006,,0.004,,,,,,0.041,157.055,0.008,,3.676,518.045,0.003,,,0.304,157.318,0.006,,5.364,519.734,0.000,,,0.608,157.622,0.004,,7.298,521.667,0.004,,,0.890,157.904,0.002,,9.221,523.590,0.007,
12/16/2020,243,162.0480042,524.8300171,,,,,,,,,,,,,157.338,511.704,0.029,,0.025,,,157.480,515.165,0.028,,0.018,,,157.759,517.616,0.026,,0.014,,,158.020,519.196,0.025,,0.011,,,,,,0.253,158.012,0.025,,3.547,521.163,0.007,,,0.503,158.262,0.023,,4.411,522.027,0.005,,,0.690,158.450,0.022,,4.867,522.483,0.004,,,0.782,158.541,0.022,,4.740,522.356,0.005,
12/17/2020,244,161.8040009,532.9000244,,,,,,,,,,,,,158.751,515.642,0.019,,0.032,,,159.536,519.514,0.014,,0.025,,,160.332,521.944,0.009,,0.021,,,161.041,523.421,0.005,,0.018,,,,,,0.949,161.281,0.003,,3.781,525.726,0.013,,,1.434,161.767,0.000,,4.374,526.318,0.012,,,1.820,162.153,0.002,,4.544,526.488,0.012,,,2.125,162.458,0.004,,4.431,526.376,0.012,
12/18/2020,245,160.0825043,534.4500122,,,,,,,,,,,,,159.667,520.819,0.003,,0.026,,,160.556,525.538,0.003,,0.017,,,161.215,528.518,0.007,,0.011,,,161.613,530.530,0.010,,0.007,,,,,,0.929,162.144,0.013,,4.619,533.137,0.002,,,1.186,162.402,0.014,,5.364,533.881,0.001,,,1.258,162.473,0.015,,5.762,534.279,0.000,,,1.194,162.409,0.015,,6.038,534.556,0.000,
12/21/2020,246,160.3090057,528.9099731,,,,,,,,,,,,,159.792,524.909,0.003,,0.008,,,160.343,529.548,0.000,,0.001,,,160.536,532.077,0.001,,0.006,,,160.465,533.470,0.001,,0.009,,,,,,0.446,160.982,0.004,,4.301,536.378,0.014,,,0.347,160.882,0.004,,4.552,536.629,0.015,,,0.095,160.631,0.002,,4.440,536.517,0.014,,,-0.211,160.324,0.000,,4.179,536.256,0.014,
12/22/2020,247,160.326004,527.3300171,,,,,,,,,,,,,159.947,526.109,0.002,,0.002,,,160.328,529.261,0.000,,0.004,,,160.400,530.177,0.000,,0.005,,,160.348,530.050,0.000,,0.005,,,,,,0.272,160.671,0.002,,2.441,532.618,0.010,,,0.129,160.529,0.001,,1.648,531.825,0.009,,,-0.043,160.356,0.000,,0.636,530.813,0.007,,,-0.155,160.245,0.001,,-0.380,529.796,0.005,
12/23/2020,248,159.263504,514.4799805,,,,,,,,,,,,,160.061,526.475,0.005,,0.023,,,160.327,528.392,0.007,,0.027,,,160.355,528.469,0.007,,0.027,,,160.332,528.010,0.007,,0.026,,,,,,0.177,160.532,0.008,,1.196,529.665,0.030,,,0.051,160.407,0.007,,0.138,528.607,0.027,,,-0.044,160.312,0.007,,-0.770,527.698,0.026,,,-0.072,160.284,0.006,,-1.376,527.093,0.025,
12/24/2020,249,158.6345062,513.9699707,,,,,,,,,,,,,159.821,522.877,0.007,,0.017,,,159.848,522.132,0.008,,0.016,,,159.700,520.075,0.007,,0.012,,,159.531,517.862,0.006,,0.008,,,,,,-0.073,159.628,0.006,,-1.681,518.395,0.009,,,-0.267,159.434,0.005,,-3.701,516.374,0.005,,,-0.411,159.290,0.004,,-5.344,514.731,0.001,,,-0.509,159.191,0.004,,-6.639,513.436,0.001,
12/28/2020,250,164.197998,519.1199951,,,,,,,,,,,,,159.465,520.205,0.029,,0.002,,,159.302,518.459,0.030,,0.001,,,159.061,516.412,0.031,,0.005,,,158.859,514.943,0.033,,0.008,,,,,,-0.243,158.818,0.033,,-2.275,514.137,0.010,,,-0.434,158.626,0.034,,-3.684,512.728,0.012,,,-0.548,158.513,0.035,,-4.336,512.077,0.014,,,-0.607,158.454,0.035,,-4.407,512.005,0.014,
12/29/2020,251,166.1000061,530.8699951,,,,,,,,,,,,,160.885,519.879,0.031,,0.021,,,161.505,518.756,0.028,,0.023,,,162.143,518.037,0.024,,0.024,,,162.863,518.076,0.019,,0.024,,,,,,0.755,162.898,0.019,,-1.105,516.931,0.026,,,1.148,163.291,0.017,,-1.295,516.742,0.027,,,1.630,163.773,0.014,,-0.759,517.277,0.026,,,2.160,164.303,0.011,,0.117,518.154,0.024,
12/30/2020,252,164.2924957,524.5900269,,,,,,,,,,,,,162.450,523.176,0.011,,0.003,,,163.573,524.208,0.004,,0.001,,,164.517,525.737,0.001,,0.002,,,165.291,527.671,0.006,,0.006,,,,,,1.241,165.758,0.009,,1.536,527.273,0.005,,,1.700,166.217,0.012,,2.753,528.489,0.007,,,2.077,166.594,0.014,,4.316,530.053,0.010,,,2.321,166.838,0.015,,5.804,531.541,0.013,
12/31/2020,253,,,,,,,,,,,,,,,163.002,523.601,,,,,,163.897,524.380,,,,,,164.382,525.049,,,,,,164.542,525.360,,,,,,,,,0.828,165.210,,,0.869,525.918,,,,0.874,165.257,,,1.204,526.253,,,,0.750,165.132,,,1.314,526.362,,,,0.479,164.861,,,0.935,525.984,,
1/4/2021,254,,,,,,,,,,,,,,,,,,,,,,,,,,,,,,,,,,,,,,,,,,,,,,,,,,,,,,,,,,,,,,,,,,,,,,,,,,,,,,,,
1/5/2021,255,,,,,,,,,,,,,,,,,,,,,,,,,,,,,,,,,,,,,,,,,,,,,,,,,,,,,,,,,,,,,,,,,,,,,,,,,,,,,,,,
1/6/2021,256,,,,,,,,,,,,,,,,,,,,,,,,,,,,,,,,,,,,,,,,,,,,,,,,,,,,,,,,,,,,,,,,,,,,,,,,,,,,,,,,
1/7/2021,257,,,,,,,,,,,,,,,,,,,,,,,,,,,,,,,,,,,,,,,,,,,,,,,,,,,,,,,,,,,,,,,,,,,,,,,,,,,,,,,,
1/8/2021,258,,,,,,,,,,,,,,,,,,,,,,,,,,,,,,,,,,,,,,,,,,,,,,,,,,,,,,,,,,,,,,,,,,,,,,,,,,,,,,,,
1/11/2021,259,,,,,,,,,,,,,,,,,,,,,,,,,,,,,,,,,,,,,,,,,,,,,,,,,,,,,,,,,,,,,,,,,,,,,,,,,,,,,,,,
1/12/2021,260,,,,,,,,,,,,,,,,,,,,,,,,,,,,,,,,,,,,,,,,,,,,,,,,,,,,,,,,,,,,,,,,,,,,,,,,,,,,,,,,
1/13/2021,261,,,,,,,,,,,,,,,,,,,,,,,,,,,,,,,,,,,,,,,,,,,,,,,,,,,,,,,,,,,,,,,,,,,,,,,,,,,,,,,,
1/14/2021,262,,,,,,,,,,,,,,,,,,,,,,,,,,,,,,,,,,,,,,,,,,,,,,,,,,,,,,,,,,,,,,,,,,,,,,,,,,,,,,,,
